JSON_F52E2B61-18A1-11d1-B105-00805F49916B
----------------------------------------------------------------------------------------------------------------------------------------------------------------------------------------------------------------------------------------------------------------
{"customers":[{"customer_id":1,"first_name":"Jon","last_name":"Yang","email_address":"jon24@adventure-works.com","city":"Rockhampton","state_code":"QLD","country_code":"AU"},{"customer_id":2,"first_name":"Eugene","last_name":"Huang","email_address":"eugene
":"Lauren","last_name":"Walker","email_address":"lauren41@adventure-works.com","city":"Bremerton","state_code":"WA","country_code":"US"},{"customer_id":14,"first_name":"Ian","last_name":"Jenkins","email_address":"ian47@adventure-works.com","city":"Lebanon"
ks.com","city":"Concord","state_code":"CA","country_code":"US"},{"customer_id":26,"first_name":"Alejandro","last_name":"Beck","email_address":"alejandro45@adventure-works.com","city":"Hawthorne","state_code":"QLD","country_code":"AU"},{"customer_id":27,"fi
ty","state_code":"CA","country_code":"US"},{"customer_id":38,"first_name":"Chloe","last_name":"Garcia","email_address":"chloe27@adventure-works.com","city":"Cliffside","state_code":"BC","country_code":"CA"},{"customer_id":39,"first_name":"Diana","last_name
ustomer_id":50,"first_name":"Carol","last_name":"Rai","email_address":"carol8@adventure-works.com","city":"Chula Vista","state_code":"CA","country_code":"US"},{"customer_id":51,"first_name":"Alan","last_name":"Zheng","email_address":"alan23@adventure-works
":"todd14@adventure-works.com","city":"Gold Coast","state_code":"QLD","country_code":"AU"},{"customer_id":63,"first_name":"Noah","last_name":"Powell","email_address":"noah5@adventure-works.com","city":"Portland","state_code":"OR","country_code":"US"},{"cus
ode":"NSW","country_code":"AU"},{"customer_id":75,"first_name":"Levi","last_name":"Arun","email_address":"levi6@adventure-works.com","city":"Cloverdale","state_code":"SA","country_code":"AU"},{"customer_id":76,"first_name":"Felicia","last_name":"Jimenez","
Ryan","last_name":"Brown","email_address":"ryan43@adventure-works.com","city":"Santa Monica","state_code":"CA","country_code":"US"},{"customer_id":88,"first_name":"Tamara","last_name":"Liang","email_address":"tamara6@adventure-works.com","city":"Chula Vist
allory7@adventure-works.com","city":"Rhodes","state_code":"NSW","country_code":"AU"},{"customer_id":100,"first_name":"Adam","last_name":"Ross","email_address":"adam2@adventure-works.com","city":"Port Macquarie","state_code":"NSW","country_code":"AU"},{"cus
","city":"Darlinghurst","state_code":"NSW","country_code":"AU"},{"customer_id":112,"first_name":"Meredith","last_name":"Gutierrez","email_address":"meredith34@adventure-works.com","city":"Geelong","state_code":"VIC","country_code":"AU"},{"customer_id":113,
code":"NSW","country_code":"AU"},{"customer_id":124,"first_name":"Philip","last_name":"Alvarez","email_address":"philip4@adventure-works.com","city":"Sunbury","state_code":"VIC","country_code":"AU"},{"customer_id":125,"first_name":"Ross","last_name":"Jorda
stomer_id":136,"first_name":"Marcus","last_name":"Harris","email_address":"marcus14@adventure-works.com","city":"Burlingame","state_code":"CA","country_code":"US"},{"customer_id":137,"first_name":"Brianna","last_name":"Morgan","email_address":"brianna30@ad
_name":"Ernest","last_name":"Wu","email_address":"ernest6@adventure-works.com","city":"Warrnambool","state_code":"VIC","country_code":"AU"},{"customer_id":149,"first_name":"Ross","last_name":"Vazquez","email_address":"ross32@adventure-works.com","city":"Ea
address":"brianna57@adventure-works.com","city":"Woodland Hills","state_code":"CA","country_code":"US"},{"customer_id":161,"first_name":"Maurice","last_name":"Tang","email_address":"maurice4@adventure-works.com","city":"Concord","state_code":"CA","country_
","city":"Woodland Hills","state_code":"CA","country_code":"US"},{"customer_id":173,"first_name":"Gabrielle","last_name":"Adams","email_address":"gabrielle58@adventure-works.com","city":"Lynnwood","state_code":"WA","country_code":"US"},{"customer_id":174,"
 Cruz","state_code":"CA","country_code":"US"},{"customer_id":185,"first_name":"Meghan","last_name":"Hernandez","email_address":"meghan3@adventure-works.com","city":"Concord","state_code":"CA","country_code":"US"},{"customer_id":186,"first_name":"Ashley","l
country_code":"US"},{"customer_id":197,"first_name":"Alfredo","last_name":"Romero","email_address":"alfredo10@adventure-works.com","city":"Beaverton","state_code":"OR","country_code":"US"},{"customer_id":198,"first_name":"Andrea","last_name":"Morris","emai
id":209,"first_name":"Maria","last_name":"Reed","email_address":"maria4@adventure-works.com","city":"Glendale","state_code":"CA","country_code":"US"},{"customer_id":210,"first_name":"Allison","last_name":"Evans","email_address":"allison21@adventure-works.c
e":"Huang","email_address":"erica5@adventure-works.com","city":"Colma","state_code":"CA","country_code":"US"},{"customer_id":222,"first_name":"Nathan","last_name":"Perry","email_address":"nathan3@adventure-works.com","city":"Lakewood","state_code":"CA","co
ure-works.com","city":"Everett","state_code":"WA","country_code":"US"},{"customer_id":234,"first_name":"Todd","last_name":"Li","email_address":"todd5@adventure-works.com","city":"Berkeley","state_code":"CA","country_code":"US"},{"customer_id":235,"first_na
y_code":"GB"},{"customer_id":246,"first_name":"Ricky","last_name":"Vazquez","email_address":"ricky15@adventure-works.com","city":"Hamburg","state_code":"HE","country_code":"DE"},{"customer_id":247,"first_name":"Latasha","last_name":"Rubio","email_address":
58,"first_name":"Jacqueline","last_name":"Powell","email_address":"jacqueline9@adventure-works.com","city":"Newport Beach","state_code":"CA","country_code":"US"},{"customer_id":259,"first_name":"Xavier","last_name":"Hill","email_address":"xavier26@adventur
d":270,"first_name":"Ryan","last_name":"Foster","email_address":"ryan19@adventure-works.com","city":"Daly City","state_code":"CA","country_code":"US"},{"customer_id":271,"first_name":"Robert","last_name":"Lee","email_address":"robert82@adventure-works.com"
Barnes","email_address":"megan53@adventure-works.com","city":"Burbank","state_code":"CA","country_code":"US"},{"customer_id":283,"first_name":"Christian","last_name":"Thomas","email_address":"christian46@adventure-works.com","city":"Burien","state_code":"W
-works.com","city":"Port Orchard","state_code":"WA","country_code":"US"},{"customer_id":295,"first_name":"Dalton","last_name":"Clark","email_address":"dalton18@adventure-works.com","city":"Issaquah","state_code":"WA","country_code":"US"},{"customer_id":296
ode":"CA","country_code":"US"},{"customer_id":307,"first_name":"Micah","last_name":"Zhou","email_address":"micah19@adventure-works.com","city":"Coronado","state_code":"CA","country_code":"US"},{"customer_id":308,"first_name":"Hunter","last_name":"Rodriguez
stomer_id":319,"first_name":"Jessica","last_name":"Wilson","email_address":"jessica54@adventure-works.com","city":"Edmonds","state_code":"WA","country_code":"US"},{"customer_id":320,"first_name":"Jade","last_name":"Bailey","email_address":"jade13@adventure
son","email_address":"ryan38@adventure-works.com","city":"Oak Bay","state_code":"BC","country_code":"CA"},{"customer_id":332,"first_name":"Samantha","last_name":"Jenkins","email_address":"samantha32@adventure-works.com","city":"Shawnee","state_code":"BC","
oulogne-sur-Mer","state_code":"62","country_code":"FR"},{"customer_id":344,"first_name":"Arthur","last_name":"Carlson","email_address":"arthur41@adventure-works.com","city":"Oxon","state_code":"ENG","country_code":"GB"},{"customer_id":345,"first_name":"Jes
de":"DE"},{"customer_id":356,"first_name":"Roberto","last_name":"Gutierrez","email_address":"roberto11@adventure-works.com","city":"Wokingham","state_code":"ENG","country_code":"GB"},{"customer_id":357,"first_name":"Terrence","last_name":"Carson","email_ad
ustomer_id":368,"first_name":"Calvin","last_name":"Nara","email_address":"calvin15@adventure-works.com","city":"North Sydney","state_code":"NSW","country_code":"AU"},{"customer_id":369,"first_name":"Edward","last_name":"Miller","email_address":"edward28@ad
last_name":"Vazquez","email_address":"gary25@adventure-works.com","city":"Boulogne-Billancourt","state_code":"92","country_code":"FR"},{"customer_id":381,"first_name":"Mitchell","last_name":"Kumar","email_address":"mitchell7@adventure-works.com","city":"Sa
","email_address":"lindsay3@adventure-works.com","city":"Salzgitter","state_code":"HE","country_code":"DE"},{"customer_id":393,"first_name":"Willie","last_name":"Zhao","email_address":"willie8@adventure-works.com","city":"Frankfurt","state_code":"HE","coun
"Saint Ouen","state_code":"17","country_code":"FR"},{"customer_id":405,"first_name":"Megan","last_name":"Taylor","email_address":"megan12@adventure-works.com","city":"Kassel","state_code":"HE","country_code":"DE"},{"customer_id":406,"first_name":"Bonnie","
omer_id":417,"first_name":"Katrina","last_name":"Becker","email_address":"katrina19@adventure-works.com","city":"Croix","state_code":"59","country_code":"FR"},{"customer_id":418,"first_name":"Lacey","last_name":"Zheng","email_address":"lacey32@adventure-wo
_address":"deanna24@adventure-works.com","city":"Poing","state_code":"SL","country_code":"DE"},{"customer_id":430,"first_name":"Marco","last_name":"Lopez","email_address":"marco17@adventure-works.com","city":"S?vres","state_code":"92","country_code":"FR"},
city":"Lille","state_code":"59","country_code":"FR"},{"customer_id":442,"first_name":"Erika","last_name":"Gomez","email_address":"erika0@adventure-works.com","city":"Paris","state_code":"75","country_code":"FR"},{"customer_id":443,"first_name":"Joseph","la
e":"AU"},{"customer_id":454,"first_name":"Stanley","last_name":"Malhotra","email_address":"stanley5@adventure-works.com","city":"Hobart","state_code":"TAS","country_code":"AU"},{"customer_id":455,"first_name":"Melinda","last_name":"Navarro","email_address"
:466,"first_name":"Louis","last_name":"Luo","email_address":"louis23@adventure-works.com","city":"Gold Coast","state_code":"QLD","country_code":"AU"},{"customer_id":467,"first_name":"Grant","last_name":"Tang","email_address":"grant6@adventure-works.com","c
ddress":"tristan12@adventure-works.com","city":"Darmstadt","state_code":"HE","country_code":"DE"},{"customer_id":479,"first_name":"Billy","last_name":"Hernandez","email_address":"billy5@adventure-works.com","city":"S?vres","state_code":"92","country_code":
rks.com","city":"Oxford","state_code":"ENG","country_code":"GB"},{"customer_id":491,"first_name":"Danny","last_name":"Rubio","email_address":"danny22@adventure-works.com","city":"Paris La Defense","state_code":"92","country_code":"FR"},{"customer_id":492,"
C","country_code":"CA"},{"customer_id":503,"first_name":"Jared","last_name":"Peterson","email_address":"jared8@adventure-works.com","city":"Shawnee","state_code":"BC","country_code":"CA"},{"customer_id":504,"first_name":"Dennis","last_name":"Wu","email_add
515,"first_name":"Dalton","last_name":"Diaz","email_address":"dalton67@adventure-works.com","city":"Tacoma","state_code":"WA","country_code":"US"},{"customer_id":516,"first_name":"Shannon","last_name":"Huang","email_address":"shannon6@adventure-works.com",
ine","last_name":"Diaz","email_address":"katherine48@adventure-works.com","city":"Westminster","state_code":"BC","country_code":"CA"},{"customer_id":528,"first_name":"Jenna","last_name":"Green","email_address":"jenna14@adventure-works.com","city":"San Gabr
e9@adventure-works.com","city":"Palo Alto","state_code":"CA","country_code":"US"},{"customer_id":540,"first_name":"Justin","last_name":"Washington","email_address":"justin10@adventure-works.com","city":"Concord","state_code":"CA","country_code":"US"},{"cus
_code":"ENG","country_code":"GB"},{"customer_id":552,"first_name":"Shannon","last_name":"Alvarez","email_address":"shannon26@adventure-works.com","city":"Colombes","state_code":"92","country_code":"FR"},{"customer_id":553,"first_name":"Eddie","last_name":"
","country_code":"DE"},{"customer_id":564,"first_name":"Cesar","last_name":"Srini","email_address":"cesar7@adventure-works.com","city":"London","state_code":"ENG","country_code":"GB"},{"customer_id":565,"first_name":"Jorge","last_name":"Liang","email_addre
st_name":"Campbell","email_address":"jackson37@adventure-works.com","city":"Leeds","state_code":"ENG","country_code":"GB"},{"customer_id":577,"first_name":"Micah","last_name":"Zhu","email_address":"micah1@adventure-works.com","city":"Croix","state_code":"5
","state_code":"57","country_code":"FR"},{"customer_id":589,"first_name":"Candace","last_name":"Mehta","email_address":"candace14@adventure-works.com","city":"Saint-Denis","state_code":"93","country_code":"FR"},{"customer_id":590,"first_name":"Ebony","last
"customer_id":601,"first_name":"Linda","last_name":"Rubio","email_address":"linda36@adventure-works.com","city":"S?vres","state_code":"92","country_code":"FR"},{"customer_id":602,"first_name":"Ivan","last_name":"Raman","email_address":"ivan8@adventure-work
Andersen","email_address":"keith16@adventure-works.com","city":"Berkshire","state_code":"ENG","country_code":"GB"},{"customer_id":614,"first_name":"Meredith","last_name":"Prasad","email_address":"meredith8@adventure-works.com","city":"Leipzig","state_code"
works.com","city":"Mill Valley","state_code":"CA","country_code":"US"},{"customer_id":626,"first_name":"Zachary","last_name":"Moore","email_address":"zachary37@adventure-works.com","city":"Palo Alto","state_code":"CA","country_code":"US"},{"customer_id":62
","city":"Daly City","state_code":"CA","country_code":"US"},{"customer_id":638,"first_name":"Morgan","last_name":"Hernandez","email_address":"morgan15@adventure-works.com","city":"Los Angeles","state_code":"CA","country_code":"US"},{"customer_id":639,"firs
y_code":"US"},{"customer_id":650,"first_name":"Ian","last_name":"White","email_address":"ian12@adventure-works.com","city":"Newport Beach","state_code":"CA","country_code":"US"},{"customer_id":651,"first_name":"Caleb","last_name":"Hayes","email_address":"c
2,"first_name":"Jeremiah","last_name":"James","email_address":"jeremiah39@adventure-works.com","city":"Cliffside","state_code":"BC","country_code":"CA"},{"customer_id":663,"first_name":"Ethan","last_name":"Kumar","email_address":"ethan24@adventure-works.co
st_name":"Ye","email_address":"susan19@adventure-works.com","city":"Burien","state_code":"WA","country_code":"US"},{"customer_id":675,"first_name":"Morgan","last_name":"Rogers","email_address":"morgan49@adventure-works.com","city":"Woodland Hills","state_c
","city":"Milwaukie","state_code":"OR","country_code":"US"},{"customer_id":687,"first_name":"Luke","last_name":"Edwards","email_address":"luke33@adventure-works.com","city":"Glendale","state_code":"CA","country_code":"US"},{"customer_id":688,"first_name":"
ode":"CA","country_code":"US"},{"customer_id":699,"first_name":"Jackson","last_name":"Wright","email_address":"jackson51@adventure-works.com","city":"Metchosin","state_code":"BC","country_code":"CA"},{"customer_id":700,"first_name":"Chase","last_name":"Pet
","country_code":"CA"},{"customer_id":711,"first_name":"Zoe","last_name":"Ramirez","email_address":"zoe6@adventure-works.com","city":"La Jolla","state_code":"CA","country_code":"US"},{"customer_id":712,"first_name":"Daniel","last_name":"Davis","email_addre
23,"first_name":"Julian","last_name":"Hughes","email_address":"julian13@adventure-works.com","city":"Bellingham","state_code":"WA","country_code":"US"},{"customer_id":724,"first_name":"Luke","last_name":"Coleman","email_address":"luke24@adventure-works.com
r2@adventure-works.com","city":"Coronado","state_code":"CA","country_code":"US"},{"customer_id":736,"first_name":"Sydney","last_name":"Gray","email_address":"sydney16@adventure-works.com","city":"Lynnwood","state_code":"WA","country_code":"US"},{"customer_
m","city":"Tacoma","state_code":"WA","country_code":"US"},{"customer_id":748,"first_name":"Destiny","last_name":"Davis","email_address":"destiny5@adventure-works.com","city":"Edmonds","state_code":"WA","country_code":"US"},{"customer_id":749,"first_name":"
ate_code":"NSW","country_code":"AU"},{"customer_id":760,"first_name":"Dawn","last_name":"Nath","email_address":"dawn42@adventure-works.com","city":"Cloverdale","state_code":"SA","country_code":"AU"},{"customer_id":761,"first_name":"Melody","last_name":"Mor
_id":772,"first_name":"Isaac","last_name":"Rivera","email_address":"isaac16@adventure-works.com","city":"Marysville","state_code":"WA","country_code":"US"},{"customer_id":773,"first_name":"Cameron","last_name":"Moore","email_address":"cameron48@adventure-w
me":"Mitchell","email_address":"sara37@adventure-works.com","city":"San Diego","state_code":"CA","country_code":"US"},{"customer_id":785,"first_name":"Jose","last_name":"Turner","email_address":"jose42@adventure-works.com","city":"Metchosin","state_code":"
-works.com","city":"Downey","state_code":"CA","country_code":"US"},{"customer_id":797,"first_name":"Isabel","last_name":"Jenkins","email_address":"isabel7@adventure-works.com","city":"Downey","state_code":"CA","country_code":"US"},{"customer_id":798,"first
ode":"CA","country_code":"US"},{"customer_id":809,"first_name":"James","last_name":"Parker","email_address":"james57@adventure-works.com","city":"N. Vancouver","state_code":"BC","country_code":"CA"},{"customer_id":810,"first_name":"Juan","last_name":"Gray"
er_id":821,"first_name":"Katelyn","last_name":"Lopez","email_address":"katelyn45@adventure-works.com","city":"Victoria","state_code":"BC","country_code":"CA"},{"customer_id":822,"first_name":"Austin","last_name":"Johnson","email_address":"austin40@adventur
me":"Zoe","last_name":"Murphy","email_address":"zoe13@adventure-works.com","city":"Walla Walla","state_code":"WA","country_code":"US"},{"customer_id":834,"first_name":"Oscar","last_name":"Price","email_address":"oscar9@adventure-works.com","city":"Oak Bay"
"Alvarez","email_address":"michele39@adventure-works.com","city":"Chula Vista","state_code":"CA","country_code":"US"},{"customer_id":846,"first_name":"Natalie","last_name":"Jones","email_address":"natalie71@adventure-works.com","city":"Shawnee","state_code
re-works.com","city":"Corvallis","state_code":"OR","country_code":"US"},{"customer_id":858,"first_name":"Isabella","last_name":"Young","email_address":"isabella56@adventure-works.com","city":"Edmonds","state_code":"WA","country_code":"US"},{"customer_id":8
ure-works.com","city":"Vancouver","state_code":"BC","country_code":"CA"},{"customer_id":870,"first_name":"Kaitlyn","last_name":"Adams","email_address":"kaitlyn13@adventure-works.com","city":"Westminster","state_code":"BC","country_code":"CA"},{"customer_id
alem","state_code":"OR","country_code":"US"},{"customer_id":882,"first_name":"Richard","last_name":"Mitchell","email_address":"richard30@adventure-works.com","city":"Grossmont","state_code":"CA","country_code":"US"},{"customer_id":883,"first_name":"Patrick
AU"},{"customer_id":894,"first_name":"Orlando","last_name":"Carlson","email_address":"orlando18@adventure-works.com","city":"Sydney","state_code":"NSW","country_code":"AU"},{"customer_id":895,"first_name":"Ann","last_name":"Gonzalez","email_address":"ann23
":"Isaiah","last_name":"Ramirez","email_address":"isaiah6@adventure-works.com","city":"Hobart","state_code":"TAS","country_code":"AU"},{"customer_id":907,"first_name":"Gabriella","last_name":"Sanders","email_address":"gabriella1@adventure-works.com","city"
t_name":"Sanz","email_address":"roy40@adventure-works.com","city":"Darlinghurst","state_code":"NSW","country_code":"AU"},{"customer_id":919,"first_name":"Kaylee","last_name":"Hill","email_address":"kaylee35@adventure-works.com","city":"Coffs Harbour","stat
ail_address":"virginia21@adventure-works.com","city":"St. Leonards","state_code":"NSW","country_code":"AU"},{"customer_id":931,"first_name":"Jaclyn","last_name":"Nara","email_address":"jaclyn40@adventure-works.com","city":"North Sydney","state_code":"NSW",
4@adventure-works.com","city":"Woodburn","state_code":"OR","country_code":"US"},{"customer_id":943,"first_name":"George","last_name":"Gonzalez","email_address":"george25@adventure-works.com","city":"Newcastle","state_code":"NSW","country_code":"AU"},{"cust
aukie","state_code":"OR","country_code":"US"},{"customer_id":955,"first_name":"Joseph","last_name":"Garcia","email_address":"joseph23@adventure-works.com","city":"Glendale","state_code":"CA","country_code":"US"},{"customer_id":956,"first_name":"Gabriel","l
lle","state_code":"NSW","country_code":"AU"},{"customer_id":967,"first_name":"Rafael","last_name":"Black","email_address":"rafael44@adventure-works.com","city":"Bendigo","state_code":"VIC","country_code":"AU"},{"customer_id":968,"first_name":"Latasha","las
code":"AU"},{"customer_id":979,"first_name":"Jackson","last_name":"Washington","email_address":"jackson15@adventure-works.com","city":"Fremont","state_code":"CA","country_code":"US"},{"customer_id":980,"first_name":"Christopher","last_name":"Johnson","emai
ntry_code":"AU"},{"customer_id":991,"first_name":"Joanna","last_name":"Vazquez","email_address":"joanna13@adventure-works.com","city":"Newcastle","state_code":"NSW","country_code":"AU"},{"customer_id":992,"first_name":"Frederick","last_name":"Martinez","em
"customer_id":1003,"first_name":"Adriana","last_name":"Lopez","email_address":"adriana17@adventure-works.com","city":"Lane Cove","state_code":"NSW","country_code":"AU"},{"customer_id":1004,"first_name":"Audrey","last_name":"Munoz","email_address":"audrey8@
irst_name":"Devin","last_name":"Sanders","email_address":"devin65@adventure-works.com","city":"Bendigo","state_code":"VIC","country_code":"AU"},{"customer_id":1016,"first_name":"Jacob","last_name":"White","email_address":"jacob11@adventure-works.com","city
:"Lucas","last_name":"Flores","email_address":"lucas60@adventure-works.com","city":"West Covina","state_code":"CA","country_code":"US"},{"customer_id":1028,"first_name":"Haley","last_name":"Wood","email_address":"haley21@adventure-works.com","city":"Renton
l_address":"george10@adventure-works.com","city":"Darlinghurst","state_code":"NSW","country_code":"AU"},{"customer_id":1040,"first_name":"Ricardo","last_name":"Nath","email_address":"ricardo17@adventure-works.com","city":"Bendigo","state_code":"VIC","count
aron49@adventure-works.com","city":"Lincoln Acres","state_code":"CA","country_code":"US"},{"customer_id":1052,"first_name":"Isaiah","last_name":"Scott","email_address":"isaiah39@adventure-works.com","city":"National City","state_code":"CA","country_code":"
n Carlos","state_code":"CA","country_code":"US"},{"customer_id":1064,"first_name":"Xavier","last_name":"Martinez","email_address":"xavier15@adventure-works.com","city":"Bellingham","state_code":"WA","country_code":"US"},{"customer_id":1065,"first_name":"Jo
tate_code":"BC","country_code":"CA"},{"customer_id":1076,"first_name":"Cameron","last_name":"Griffin","email_address":"cameron16@adventure-works.com","city":"Issaquah","state_code":"WA","country_code":"US"},{"customer_id":1077,"first_name":"Chloe","last_na
code":"CA"},{"customer_id":1088,"first_name":"Sean","last_name":"Cook","email_address":"sean29@adventure-works.com","city":"Lakewood","state_code":"CA","country_code":"US"},{"customer_id":1089,"first_name":"Lauren","last_name":"Thompson","email_address":"l
er_id":1100,"first_name":"Sydney","last_name":"Hall","email_address":"sydney86@adventure-works.com","city":"Yakima","state_code":"WA","country_code":"US"},{"customer_id":1101,"first_name":"Jon","last_name":"Sun","email_address":"jon33@adventure-works.com",
ast_name":"Gonzales","email_address":"jacqueline18@adventure-works.com","city":"Fremont","state_code":"CA","country_code":"US"},{"customer_id":1113,"first_name":"Arianna","last_name":"Henderson","email_address":"arianna5@adventure-works.com","city":"Long B
Liang","email_address":"wesley16@adventure-works.com","city":"Wokingham","state_code":"ENG","country_code":"GB"},{"customer_id":1125,"first_name":"Brandi","last_name":"Gill","email_address":"brandi13@adventure-works.com","city":"Paris","state_code":"75","c
ress":"fernando9@adventure-works.com","city":"El Cajon","state_code":"CA","country_code":"US"},{"customer_id":1137,"first_name":"Blake","last_name":"Turner","email_address":"blake41@adventure-works.com","city":"Cliffside","state_code":"BC","country_code":"
venture-works.com","city":"Haney","state_code":"BC","country_code":"CA"},{"customer_id":1149,"first_name":"Gabrielle","last_name":"Morris","email_address":"gabrielle1@adventure-works.com","city":"Salem","state_code":"OR","country_code":"US"},{"customer_id"
Westminster","state_code":"BC","country_code":"CA"},{"customer_id":1161,"first_name":"Jaclyn","last_name":"Zhang","email_address":"jaclyn0@adventure-works.com","city":"Beaverton","state_code":"OR","country_code":"US"},{"customer_id":1162,"first_name":"Alex
e":"CA","country_code":"US"},{"customer_id":1173,"first_name":"Eduardo","last_name":"Alexander","email_address":"eduardo62@adventure-works.com","city":"Newport Beach","state_code":"CA","country_code":"US"},{"customer_id":1174,"first_name":"Dalton","last_na
tomer_id":1185,"first_name":"Isaiah","last_name":"Perez","email_address":"isaiah26@adventure-works.com","city":"Oregon City","state_code":"OR","country_code":"US"},{"customer_id":1186,"first_name":"Kaitlyn","last_name":"Patterson","email_address":"kaitlyn7
ustomer_id":1197,"first_name":"Alexis","last_name":"Miller","email_address":"alexis5@adventure-works.com","city":"Vancouver","state_code":"BC","country_code":"CA"},{"customer_id":1198,"first_name":"Adam","last_name":"Hernandez","email_address":"adam47@adve
ame":"Dominique","last_name":"Sanchez","email_address":"dominique17@adventure-works.com","city":"Bellingham","state_code":"WA","country_code":"US"},{"customer_id":1210,"first_name":"Mindy","last_name":"Jai","email_address":"mindy16@adventure-works.com","ci
ss":"virginia12@adventure-works.com","city":"Paris La Defense","state_code":"92","country_code":"FR"},{"customer_id":1222,"first_name":"Brandi","last_name":"Ruiz","email_address":"brandi2@adventure-works.com","city":"Saint Germain en Laye","state_code":"78
enture-works.com","city":"Paderborn","state_code":"NW","country_code":"DE"},{"customer_id":1234,"first_name":"Jerry","last_name":"Yuan","email_address":"jerry7@adventure-works.com","city":"London","state_code":"ENG","country_code":"GB"},{"customer_id":1235
_code":"NSW","country_code":"AU"},{"customer_id":1246,"first_name":"Francisco","last_name":"Gonzalez","email_address":"francisco20@adventure-works.com","city":"Rhodes","state_code":"NSW","country_code":"AU"},{"customer_id":1247,"first_name":"Shawn","last_n
r_id":1258,"first_name":"Ross","last_name":"Ruiz","email_address":"ross22@adventure-works.com","city":"Berlin","state_code":"HE","country_code":"DE"},{"customer_id":1259,"first_name":"Jamie","last_name":"Li","email_address":"jamie5@adventure-works.com","ci
me":"Zheng","email_address":"warren32@adventure-works.com","city":"Croix","state_code":"59","country_code":"FR"},{"customer_id":1271,"first_name":"Ebony","last_name":"Ramos","email_address":"ebony38@adventure-works.com","city":"Berlin","state_code":"NW","c
janelle17@adventure-works.com","city":"Oxford","state_code":"ENG","country_code":"GB"},{"customer_id":1283,"first_name":"Nicolas","last_name":"Tang","email_address":"nicolas2@adventure-works.com","city":"Woolston","state_code":"ENG","country_code":"GB"},{"
com","city":"Bracknell","state_code":"ENG","country_code":"GB"},{"customer_id":1295,"first_name":"Shane","last_name":"Kovar","email_address":"shane7@adventure-works.com","city":"London","state_code":"ENG","country_code":"GB"},{"customer_id":1296,"first_nam
":"Bury","state_code":"ENG","country_code":"GB"},{"customer_id":1307,"first_name":"Logan","last_name":"Parker","email_address":"logan27@adventure-works.com","city":"Hof","state_code":"BY","country_code":"DE"},{"customer_id":1308,"first_name":"Brad","last_n
ame":"Kristina","last_name":"Schmidt","email_address":"kristina10@adventure-works.com","city":"Warrington","state_code":"ENG","country_code":"GB"},{"customer_id":1320,"first_name":"Shannon","last_name":"Ye","email_address":"shannon10@adventure-works.com","
ton11@adventure-works.com","city":"Essen","state_code":"HH","country_code":"DE"},{"customer_id":1332,"first_name":"Meagan","last_name":"Chandra","email_address":"meagan2@adventure-works.com","city":"Croix","state_code":"59","country_code":"FR"},{"customer_
ure-works.com","city":"Sydney","state_code":"NSW","country_code":"AU"},{"customer_id":1344,"first_name":"Gloria","last_name":"Ruiz","email_address":"gloria4@adventure-works.com","city":"Milsons Point","state_code":"NSW","country_code":"AU"},{"customer_id":
":"Geelong","state_code":"VIC","country_code":"AU"},{"customer_id":1356,"first_name":"Monique","last_name":"Ortega","email_address":"monique18@adventure-works.com","city":"Wollongong","state_code":"NSW","country_code":"AU"},{"customer_id":1357,"first_name"
tate_code":"WA","country_code":"US"},{"customer_id":1368,"first_name":"Trinity","last_name":"Townsend","email_address":"trinity4@adventure-works.com","city":"Leeds","state_code":"ENG","country_code":"GB"},{"customer_id":1369,"first_name":"Rodney","last_nam
_code":"DE"},{"customer_id":1380,"first_name":"Bridget","last_name":"Chande","email_address":"bridget17@adventure-works.com","city":"Hamburg","state_code":"HH","country_code":"DE"},{"customer_id":1381,"first_name":"Omar","last_name":"Yuan","email_address":
rst_name":"Olivia","last_name":"Kelly","email_address":"olivia46@adventure-works.com","city":"Kirkby","state_code":"ENG","country_code":"GB"},{"customer_id":1393,"first_name":"Nichole","last_name":"Nath","email_address":"nichole18@adventure-works.com","cit
nry24@adventure-works.com","city":"Watford","state_code":"ENG","country_code":"GB"},{"customer_id":1405,"first_name":"Krystal","last_name":"Liang","email_address":"krystal17@adventure-works.com","city":"York","state_code":"ENG","country_code":"GB"},{"custo
e-works.com","city":"W. Linn","state_code":"OR","country_code":"US"},{"customer_id":1417,"first_name":"Veronica","last_name":"Martinez","email_address":"veronica19@adventure-works.com","city":"Bellflower","state_code":"CA","country_code":"US"},{"customer_i
enture-works.com","city":"San Diego","state_code":"CA","country_code":"US"},{"customer_id":1429,"first_name":"Sean","last_name":"Morris","email_address":"sean26@adventure-works.com","city":"San Gabriel","state_code":"CA","country_code":"US"},{"customer_id"
e":"OR","country_code":"US"},{"customer_id":1441,"first_name":"Francisco","last_name":"Chandra","email_address":"francisco3@adventure-works.com","city":"Burbank","state_code":"CA","country_code":"US"},{"customer_id":1442,"first_name":"Trevor","last_name":"
"country_code":"CA"},{"customer_id":1453,"first_name":"Sean","last_name":"Sanchez","email_address":"sean25@adventure-works.com","city":"Spokane","state_code":"WA","country_code":"US"},{"customer_id":1454,"first_name":"Madison","last_name":"Bennett","email_
},{"customer_id":1465,"first_name":"Jared","last_name":"Cook","email_address":"jared23@adventure-works.com","city":"Bobigny","state_code":"93","country_code":"FR"},{"customer_id":1466,"first_name":"Cassandra","last_name":"Patel","email_address":"cassandra3
enez","email_address":"rodney1@adventure-works.com","city":"Milton Keynes","state_code":"ENG","country_code":"GB"},{"customer_id":1478,"first_name":"Robin","last_name":"Gill","email_address":"robin10@adventure-works.com","city":"Paris","state_code":"75","c
rks.com","city":"Saint Germain en Laye","state_code":"78","country_code":"FR"},{"customer_id":1490,"first_name":"Wayne","last_name":"Rai","email_address":"wayne20@adventure-works.com","city":"Les Ulis","state_code":"91","country_code":"FR"},{"customer_id":
ffenbach","state_code":"SL","country_code":"DE"},{"customer_id":1502,"first_name":"Cory","last_name":"Sai","email_address":"cory4@adventure-works.com","city":"Solingen","state_code":"NW","country_code":"DE"},{"customer_id":1503,"first_name":"Darren","last_
":"DE"},{"customer_id":1514,"first_name":"Austin","last_name":"Thompson","email_address":"austin31@adventure-works.com","city":"Stoke-on-Trent","state_code":"ENG","country_code":"GB"},{"customer_id":1515,"first_name":"Lacey","last_name":"Becker","email_add
FR"},{"customer_id":1526,"first_name":"Chelsea","last_name":"Rodriguez","email_address":"chelsea21@adventure-works.com","city":"Esher-Molesey","state_code":"ENG","country_code":"GB"},{"customer_id":1527,"first_name":"Michele","last_name":"Suarez","email_ad
"first_name":"Terrence","last_name":"Luo","email_address":"terrence6@adventure-works.com","city":"Paris","state_code":"75","country_code":"FR"},{"customer_id":1539,"first_name":"Paula","last_name":"Blanco","email_address":"paula18@adventure-works.com","cit
,"email_address":"donna3@adventure-works.com","city":"Paris","state_code":"75","country_code":"FR"},{"customer_id":1551,"first_name":"Austin","last_name":"Diaz","email_address":"austin18@adventure-works.com","city":"Oxford","state_code":"ENG","country_code
.com","city":"Bobigny","state_code":"93","country_code":"FR"},{"customer_id":1563,"first_name":"Kristina","last_name":"Chandra","email_address":"kristina2@adventure-works.com","city":"Paris","state_code":"75","country_code":"FR"},{"customer_id":1564,"first
Lavender Bay","state_code":"NSW","country_code":"AU"},{"customer_id":1575,"first_name":"Derek","last_name":"Raje","email_address":"derek12@adventure-works.com","city":"Silverwater","state_code":"NSW","country_code":"AU"},{"customer_id":1576,"first_name":"J
art","state_code":"TAS","country_code":"AU"},{"customer_id":1587,"first_name":"Kellie","last_name":"Hernandez","email_address":"kellie4@adventure-works.com","city":"Townsville","state_code":"QLD","country_code":"AU"},{"customer_id":1588,"first_name":"Danny
y","state_code":"ENG","country_code":"GB"},{"customer_id":1599,"first_name":"Alexandra","last_name":"Bryant","email_address":"alexandra39@adventure-works.com","city":"Stoke-on-Trent","state_code":"ENG","country_code":"GB"},{"customer_id":1600,"first_name":
"ENG","country_code":"GB"},{"customer_id":1611,"first_name":"Wendy","last_name":"Gutierrez","email_address":"wendy10@adventure-works.com","city":"York","state_code":"ENG","country_code":"GB"},{"customer_id":1612,"first_name":"Manuel","last_name":"Sara","em
irst_name":"Micheal","last_name":"Rubio","email_address":"micheal17@adventure-works.com","city":"London","state_code":"ENG","country_code":"GB"},{"customer_id":1624,"first_name":"Jesse","last_name":"Sanchez","email_address":"jesse18@adventure-works.com","c
":"Ruiz","email_address":"derrick2@adventure-works.com","city":"London","state_code":"ENG","country_code":"GB"},{"customer_id":1636,"first_name":"Brad","last_name":"Beck","email_address":"brad21@adventure-works.com","city":"Drancy","state_code":"93","count
s.com","city":"Bonn","state_code":"HH","country_code":"DE"},{"customer_id":1648,"first_name":"Colleen","last_name":"Anand","email_address":"colleen45@adventure-works.com","city":"Liverpool","state_code":"ENG","country_code":"GB"},{"customer_id":1649,"first
country_code":"GB"},{"customer_id":1660,"first_name":"Damien","last_name":"Chande","email_address":"damien31@adventure-works.com","city":"Paris","state_code":"75","country_code":"FR"},{"customer_id":1661,"first_name":"Toni","last_name":"Sanchez","email_add
2,"first_name":"Alan","last_name":"Huang","email_address":"alan10@adventure-works.com","city":"Rockhampton","state_code":"QLD","country_code":"AU"},{"customer_id":1673,"first_name":"Carson","last_name":"Butler","email_address":"carson13@adventure-works.com
":"Zhou","email_address":"laura15@adventure-works.com","city":"Hervey Bay","state_code":"QLD","country_code":"AU"},{"customer_id":1685,"first_name":"Shaun","last_name":"Shen","email_address":"shaun4@adventure-works.com","city":"Goulburn","state_code":"NSW"
ks.com","city":"Coffs Harbour","state_code":"NSW","country_code":"AU"},{"customer_id":1697,"first_name":"Stacey","last_name":"Hu","email_address":"stacey21@adventure-works.com","city":"Silverwater","state_code":"NSW","country_code":"AU"},{"customer_id":169
ey","state_code":"WA","country_code":"US"},{"customer_id":1709,"first_name":"Bonnie","last_name":"Pal","email_address":"bonnie18@adventure-works.com","city":"Chula Vista","state_code":"CA","country_code":"US"},{"customer_id":1710,"first_name":"Ian","last_n
_name":"Nicolas","last_name":"Chande","email_address":"nicolas13@adventure-works.com","city":"Suresnes","state_code":"92","country_code":"FR"},{"customer_id":1722,"first_name":"Rebekah","last_name":"Martinez","email_address":"rebekah17@adventure-works.com"
il_address":"todd17@adventure-works.com","city":"Orleans","state_code":"45","country_code":"FR"},{"customer_id":1734,"first_name":"Lacey","last_name":"Cai","email_address":"lacey34@adventure-works.com","city":"London","state_code":"ENG","country_code":"GB"
te_code":"ENG","country_code":"GB"},{"customer_id":1746,"first_name":"Rafael","last_name":"Wu","email_address":"rafael7@adventure-works.com","city":"Kirkby","state_code":"ENG","country_code":"GB"},{"customer_id":1747,"first_name":"Juan","last_name":"Torres
,{"customer_id":1758,"first_name":"Sara","last_name":"Ramirez","email_address":"sara7@adventure-works.com","city":"Edmonds","state_code":"WA","country_code":"US"},{"customer_id":1759,"first_name":"Stephanie","last_name":"Ramirez","email_address":"stephanie
,{"customer_id":1770,"first_name":"Thomas","last_name":"Zhang","email_address":"thomas26@adventure-works.com","city":"Olympia","state_code":"WA","country_code":"US"},{"customer_id":1771,"first_name":"Charles","last_name":"Evans","email_address":"charles44@
d":1782,"first_name":"Emma","last_name":"James","email_address":"emma44@adventure-works.com","city":"Langley","state_code":"BC","country_code":"CA"},{"customer_id":1783,"first_name":"Elizabeth","last_name":"Long","email_address":"elizabeth39@adventure-work
Jessie","last_name":"Guo","email_address":"jessie22@adventure-works.com","city":"Chula Vista","state_code":"CA","country_code":"US"},{"customer_id":1795,"first_name":"Megan","last_name":"Jackson","email_address":"megan15@adventure-works.com","city":"Woodbu
e":"Moreno","email_address":"marvin7@adventure-works.com","city":"Colombes","state_code":"92","country_code":"FR"},{"customer_id":1807,"first_name":"Ronnie","last_name":"Zeng","email_address":"ronnie19@adventure-works.com","city":"M?nchen","state_code":"HH
e20@adventure-works.com","city":"Paris","state_code":"75","country_code":"FR"},{"customer_id":1819,"first_name":"Curtis","last_name":"She","email_address":"curtis20@adventure-works.com","city":"Drancy","state_code":"93","country_code":"FR"},{"customer_id":
ch Taunus","state_code":"SL","country_code":"DE"},{"customer_id":1831,"first_name":"Russell","last_name":"Raje","email_address":"russell16@adventure-works.com","city":"Saint-Denis","state_code":"93","country_code":"FR"},{"customer_id":1832,"first_name":"Ka
,{"customer_id":1843,"first_name":"Kelvin","last_name":"Becker","email_address":"kelvin17@adventure-works.com","city":"Paris","state_code":"75","country_code":"FR"},{"customer_id":1844,"first_name":"Summer","last_name":"Smith","email_address":"summer7@adve
ginald","last_name":"Romero","email_address":"reginald16@adventure-works.com","city":"Lancaster","state_code":"ENG","country_code":"GB"},{"customer_id":1856,"first_name":"Philip","last_name":"Diaz","email_address":"philip2@adventure-works.com","city":"Leed
ez","email_address":"janelle12@adventure-works.com","city":"Paris","state_code":"75","country_code":"FR"},{"customer_id":1868,"first_name":"Laura","last_name":"Ye","email_address":"laura16@adventure-works.com","city":"Paderborn","state_code":"NW","country_
com","city":"Beverly Hills","state_code":"CA","country_code":"US"},{"customer_id":1880,"first_name":"Elijah","last_name":"Nelson","email_address":"elijah37@adventure-works.com","city":"Los Angeles","state_code":"CA","country_code":"US"},{"customer_id":1881
ure-works.com","city":"Novato","state_code":"CA","country_code":"US"},{"customer_id":1892,"first_name":"Kaylee","last_name":"King","email_address":"kaylee42@adventure-works.com","city":"Oregon City","state_code":"OR","country_code":"US"},{"customer_id":189
"Vancouver","state_code":"BC","country_code":"CA"},{"customer_id":1904,"first_name":"John","last_name":"Sandstone","email_address":"john27@adventure-works.com","city":"Cliffside","state_code":"BC","country_code":"CA"},{"customer_id":1905,"first_name":"Thom
":"BC","country_code":"CA"},{"customer_id":1916,"first_name":"Kaitlyn","last_name":"Alexander","email_address":"kaitlyn86@adventure-works.com","city":"Puyallup","state_code":"WA","country_code":"US"},{"customer_id":1917,"first_name":"Natalie","last_name":"
":"CA","country_code":"US"},{"customer_id":1928,"first_name":"Savannah","last_name":"Sanchez","email_address":"savannah25@adventure-works.com","city":"Bellflower","state_code":"CA","country_code":"US"},{"customer_id":1929,"first_name":"Carol","last_name":"
stomer_id":1940,"first_name":"Eduardo","last_name":"Parker","email_address":"eduardo41@adventure-works.com","city":"Shawnee","state_code":"BC","country_code":"CA"},{"customer_id":1941,"first_name":"Steven","last_name":"Rogers","email_address":"steven29@adv
e":"Simmons","email_address":"blake63@adventure-works.com","city":"W. Linn","state_code":"OR","country_code":"US"},{"customer_id":1953,"first_name":"Jennifer","last_name":"Hughes","email_address":"jennifer85@adventure-works.com","city":"Lemon Grove","state
"last_name":"Anderson","email_address":"marcus10@adventure-works.com","city":"Oregon City","state_code":"OR","country_code":"US"},{"customer_id":1965,"first_name":"Xavier","last_name":"Russell","email_address":"xavier60@adventure-works.com","city":"Sooke",
email_address":"marcus7@adventure-works.com","city":"Coronado","state_code":"CA","country_code":"US"},{"customer_id":1977,"first_name":"Hunter","last_name":"Thompson","email_address":"hunter47@adventure-works.com","city":"Long Beach","state_code":"CA","cou
ress":"felicia5@adventure-works.com","city":"Sunbury","state_code":"VIC","country_code":"AU"},{"customer_id":1989,"first_name":"Barbara","last_name":"Goel","email_address":"barbara47@adventure-works.com","city":"Lane Cove","state_code":"NSW","country_code"
ure-works.com","city":"Malabar","state_code":"NSW","country_code":"AU"},{"customer_id":2001,"first_name":"Rafael","last_name":"Raje","email_address":"rafael38@adventure-works.com","city":"Hobart","state_code":"TAS","country_code":"AU"},{"customer_id":2002,
_code":"VIC","country_code":"AU"},{"customer_id":2013,"first_name":"Krystal","last_name":"Hu","email_address":"krystal20@adventure-works.com","city":"Goulburn","state_code":"NSW","country_code":"AU"},{"customer_id":2014,"first_name":"Vincent","last_name":"
te_code":"NSW","country_code":"AU"},{"customer_id":2025,"first_name":"Marc","last_name":"Moreno","email_address":"marc10@adventure-works.com","city":"Seaford","state_code":"VIC","country_code":"AU"},{"customer_id":2026,"first_name":"Reginald","last_name":"
state_code":"QLD","country_code":"AU"},{"customer_id":2037,"first_name":"Virginia","last_name":"Subram","email_address":"virginia15@adventure-works.com","city":"Rhodes","state_code":"NSW","country_code":"AU"},{"customer_id":2038,"first_name":"Terrence","la
C","country_code":"AU"},{"customer_id":2049,"first_name":"Alexis","last_name":"Hayes","email_address":"alexis46@adventure-works.com","city":"Melbourne","state_code":"VIC","country_code":"AU"},{"customer_id":2050,"first_name":"Autumn","last_name":"Wang","em
rst_name":"Eugene","last_name":"Zhu","email_address":"eugene18@adventure-works.com","city":"Concord","state_code":"CA","country_code":"US"},{"customer_id":2062,"first_name":"Ethan","last_name":"Anderson","email_address":"ethan43@adventure-works.com","city"
ame":"Rogers","email_address":"emma27@adventure-works.com","city":"Lebanon","state_code":"OR","country_code":"US"},{"customer_id":2074,"first_name":"Sydney","last_name":"Lopez","email_address":"sydney62@adventure-works.com","city":"Santa Cruz","state_code"
s":"luis10@adventure-works.com","city":"Oak Bay","state_code":"BC","country_code":"CA"},{"customer_id":2086,"first_name":"Daniel","last_name":"Harris","email_address":"daniel10@adventure-works.com","city":"Bremerton","state_code":"WA","country_code":"US"},
jonathan24@adventure-works.com","city":"Haney","state_code":"BC","country_code":"CA"},{"customer_id":2098,"first_name":"Dalton","last_name":"Hughes","email_address":"dalton57@adventure-works.com","city":"Colma","state_code":"CA","country_code":"US"},{"cust
ndigo","state_code":"VIC","country_code":"AU"},{"customer_id":2110,"first_name":"Cheryl","last_name":"Navarro","email_address":"cheryl12@adventure-works.com","city":"Caloundra","state_code":"QLD","country_code":"AU"},{"customer_id":2111,"first_name":"Levi"
ate_code":"NSW","country_code":"AU"},{"customer_id":2122,"first_name":"Latasha","last_name":"Jimenez","email_address":"latasha5@adventure-works.com","city":"Melton","state_code":"VIC","country_code":"AU"},{"customer_id":2123,"first_name":"Catherine","last_
ustomer_id":2134,"first_name":"Devon","last_name":"Kennedy","email_address":"devon5@adventure-works.com","city":"North Sydney","state_code":"NSW","country_code":"AU"},{"customer_id":2135,"first_name":"Sara","last_name":"Morgan","email_address":"sara24@adve
omer_id":2146,"first_name":"Gilbert","last_name":"Xu","email_address":"gilbert9@adventure-works.com","city":"Cheektowaga","state_code":"NY","country_code":"US"},{"customer_id":2147,"first_name":"Gabriella","last_name":"Ramirez","email_address":"gabriella4@
"Heidi","last_name":"Gonzalez","email_address":"heidi21@adventure-works.com","city":"Findon","state_code":"SA","country_code":"AU"},{"customer_id":2159,"first_name":"Casey","last_name":"Xu","email_address":"casey5@adventure-works.com","city":"Springwood","
nture-works.com","city":"Milwaukie","state_code":"OR","country_code":"US"},{"customer_id":2171,"first_name":"Sebastian","last_name":"Reed","email_address":"sebastian19@adventure-works.com","city":"Beverly Hills","state_code":"CA","country_code":"US"},{"cus
com","city":"Imperial Beach","state_code":"CA","country_code":"US"},{"customer_id":2183,"first_name":"Jeremy","last_name":"Bennett","email_address":"jeremy22@adventure-works.com","city":"Olympia","state_code":"WA","country_code":"US"},{"customer_id":2184,"
Valley","state_code":"CA","country_code":"US"},{"customer_id":2195,"first_name":"Kevin","last_name":"Carter","email_address":"kevin48@adventure-works.com","city":"Burlingame","state_code":"CA","country_code":"US"},{"customer_id":2196,"first_name":"Aaron","
rk","state_code":"CA","country_code":"US"},{"customer_id":2207,"first_name":"Emily","last_name":"Flores","email_address":"emily37@adventure-works.com","city":"Vancouver","state_code":"BC","country_code":"CA"},{"customer_id":2208,"first_name":"Kenneth","las
code":"BC","country_code":"CA"},{"customer_id":2219,"first_name":"Melissa","last_name":"Bryant","email_address":"melissa13@adventure-works.com","city":"Chula Vista","state_code":"CA","country_code":"US"},{"customer_id":2220,"first_name":"Rafael","last_name
","country_code":"US"},{"customer_id":2231,"first_name":"Chloe","last_name":"Bryant","email_address":"chloe83@adventure-works.com","city":"Olympia","state_code":"WA","country_code":"US"},{"customer_id":2232,"first_name":"Alexia","last_name":"Ross","email_a
A"},{"customer_id":2243,"first_name":"Kyle","last_name":"Yang","email_address":"kyle23@adventure-works.com","city":"Los Angeles","state_code":"CA","country_code":"US"},{"customer_id":2244,"first_name":"Alyssa","last_name":"Davis","email_address":"alyssa4@a
ast_name":"Gomez","email_address":"beth3@adventure-works.com","city":"Milton Keynes","state_code":"ENG","country_code":"GB"},{"customer_id":2256,"first_name":"Lance","last_name":"Blanco","email_address":"lance15@adventure-works.com","city":"Saarbr?cken","s
ure-works.com","city":"Long Beach","state_code":"CA","country_code":"US"},{"customer_id":2268,"first_name":"Matthew","last_name":"Moore","email_address":"matthew13@adventure-works.com","city":"Haney","state_code":"BC","country_code":"CA"},{"customer_id":22
a","state_code":"CA","country_code":"US"},{"customer_id":2280,"first_name":"Rachel","last_name":"Howard","email_address":"rachel40@adventure-works.com","city":"Palo Alto","state_code":"CA","country_code":"US"},{"customer_id":2281,"first_name":"Bailey","las
:"BC","country_code":"CA"},{"customer_id":2292,"first_name":"Nina","last_name":"Xu","email_address":"nina5@adventure-works.com","city":"Branson","state_code":"MO","country_code":"US"},{"customer_id":2293,"first_name":"Paula","last_name":"Carlson","email_ad
{"customer_id":2304,"first_name":"Jonathan","last_name":"Martinez","email_address":"jonathan71@adventure-works.com","city":"Oak Bay","state_code":"BC","country_code":"CA"},{"customer_id":2305,"first_name":"Sara","last_name":"Peterson","email_address":"sara
:2316,"first_name":"Lucas","last_name":"Thomas","email_address":"lucas24@adventure-works.com","city":"Imperial Beach","state_code":"CA","country_code":"US"},{"customer_id":2317,"first_name":"Angel","last_name":"Rivera","email_address":"angel16@adventure-wo
"first_name":"Isabelle","last_name":"Russell","email_address":"isabelle18@adventure-works.com","city":"Bellingham","state_code":"WA","country_code":"US"},{"customer_id":2329,"first_name":"Albert","last_name":"Serrano","email_address":"albert16@adventure-wo
"Clark","email_address":"nicole19@adventure-works.com","city":"Santa Cruz","state_code":"CA","country_code":"US"},{"customer_id":2341,"first_name":"Natalie","last_name":"Edwards","email_address":"natalie45@adventure-works.com","city":"Berkeley","state_code
mail_address":"mariah35@adventure-works.com","city":"Issaquah","state_code":"WA","country_code":"US"},{"customer_id":2353,"first_name":"Joseph","last_name":"Davis","email_address":"joseph11@adventure-works.com","city":"La Jolla","state_code":"CA","country_
works.com","city":"Woodburn","state_code":"OR","country_code":"US"},{"customer_id":2365,"first_name":"Natalie","last_name":"Anderson","email_address":"natalie77@adventure-works.com","city":"Bellflower","state_code":"CA","country_code":"US"},{"customer_id":
a","state_code":"CA","country_code":"US"},{"customer_id":2377,"first_name":"Jerry","last_name":"Rai","email_address":"jerry19@adventure-works.com","city":"Concord","state_code":"CA","country_code":"US"},{"customer_id":2378,"first_name":"Thomas","last_name"
"Berkeley","state_code":"CA","country_code":"US"},{"customer_id":2389,"first_name":"Marshall","last_name":"Shen","email_address":"marshall23@adventure-works.com","city":"Burlingame","state_code":"CA","country_code":"US"},{"customer_id":2390,"first_name":"M
,"country_code":"US"},{"customer_id":2401,"first_name":"Julia","last_name":"Thomas","email_address":"julia33@adventure-works.com","city":"Grossmont","state_code":"CA","country_code":"US"},{"customer_id":2402,"first_name":"Erin","last_name":"Bradley","email
country_code":"GB"},{"customer_id":2413,"first_name":"Rafael","last_name":"Zhao","email_address":"rafael11@adventure-works.com","city":"Birmingham","state_code":"ENG","country_code":"GB"},{"customer_id":2414,"first_name":"Fernando","last_name":"Phillips","
ry_code":"CA"},{"customer_id":2425,"first_name":"Jasmine","last_name":"Thomas","email_address":"jasmine9@adventure-works.com","city":"Corvallis","state_code":"OR","country_code":"US"},{"customer_id":2426,"first_name":"Jose","last_name":"Garcia","email_addr
":"US"},{"customer_id":2437,"first_name":"Gail","last_name":"Griffin","email_address":"gail7@adventure-works.com","city":"Issaquah","state_code":"WA","country_code":"US"},{"customer_id":2438,"first_name":"Ethan","last_name":"Flores","email_address":"ethan9
atherine","last_name":"Ward","email_address":"catherine11@adventure-works.com","city":"Palo Alto","state_code":"CA","country_code":"US"},{"customer_id":2450,"first_name":"Jerome","last_name":"Diaz","email_address":"jerome3@adventure-works.com","city":"Brem
st_name":"Walker","email_address":"jasmine20@adventure-works.com","city":"Newton","state_code":"BC","country_code":"CA"},{"customer_id":2462,"first_name":"Anthony","last_name":"Jones","email_address":"anthony12@adventure-works.com","city":"Santa Cruz","sta
s":"simon3@adventure-works.com","city":"National City","state_code":"CA","country_code":"US"},{"customer_id":2474,"first_name":"Logan","last_name":"Hill","email_address":"logan39@adventure-works.com","city":"Coronado","state_code":"CA","country_code":"US"}
ress":"marcus18@adventure-works.com","city":"Bellflower","state_code":"CA","country_code":"US"},{"customer_id":2486,"first_name":"Thomas","last_name":"Allen","email_address":"thomas83@adventure-works.com","city":"Chula Vista","state_code":"CA","country_cod
":"lucas89@adventure-works.com","city":"Drancy","state_code":"93","country_code":"FR"},{"customer_id":2498,"first_name":"Deborah","last_name":"Sharma","email_address":"deborah14@adventure-works.com","city":"Hamburg","state_code":"HE","country_code":"DE"},{
saint","state_code":"77","country_code":"FR"},{"customer_id":2510,"first_name":"Lucas","last_name":"Johnson","email_address":"lucas14@adventure-works.com","city":"York","state_code":"ENG","country_code":"GB"},{"customer_id":2511,"first_name":"Jon","last_na
stomer_id":2522,"first_name":"Sandra","last_name":"Lu","email_address":"sandra18@adventure-works.com","city":"Cloverdale","state_code":"SA","country_code":"AU"},{"customer_id":2523,"first_name":"Logan","last_name":"Taylor","email_address":"logan60@adventur
me":"Eduardo","last_name":"Butler","email_address":"eduardo58@adventure-works.com","city":"Billericay","state_code":"ENG","country_code":"GB"},{"customer_id":2535,"first_name":"Beth","last_name":"Navarro","email_address":"beth12@adventure-works.com","city"
ddress":"brad9@adventure-works.com","city":"Grevenbroich","state_code":"BY","country_code":"DE"},{"customer_id":2547,"first_name":"Mitchell","last_name":"Jai","email_address":"mitchell10@adventure-works.com","city":"M?nster","state_code":"SL","country_code
ey4@adventure-works.com","city":"London","state_code":"ENG","country_code":"GB"},{"customer_id":2559,"first_name":"Karen","last_name":"Lu","email_address":"karen21@adventure-works.com","city":"Villeneuve-d'Ascq","state_code":"59","country_code":"FR"},{"cus
Darmstadt","state_code":"HE","country_code":"DE"},{"customer_id":2571,"first_name":"Benjamin","last_name":"Jackson","email_address":"benjamin48@adventure-works.com","city":"Ingolstadt","state_code":"BY","country_code":"DE"},{"customer_id":2572,"first_name"
:"GB"},{"customer_id":2583,"first_name":"Martha","last_name":"Gao","email_address":"martha14@adventure-works.com","city":"London","state_code":"ENG","country_code":"GB"},{"customer_id":2584,"first_name":"Blake","last_name":"Butler","email_address":"blake62
me":"Jessica","last_name":"Williams","email_address":"jessica49@adventure-works.com","city":"Hamburg","state_code":"HH","country_code":"DE"},{"customer_id":2596,"first_name":"Cole","last_name":"Stewart","email_address":"cole23@adventure-works.com","city":"
-works.com","city":"Frankfurt","state_code":"BY","country_code":"DE"},{"customer_id":2608,"first_name":"Levi","last_name":"Rana","email_address":"levi10@adventure-works.com","city":"Frankfurt am Main","state_code":"HH","country_code":"DE"},{"customer_id":2
"country_code":"AU"},{"customer_id":2620,"first_name":"Arturo","last_name":"Xu","email_address":"arturo13@adventure-works.com","city":"Rhodes","state_code":"NSW","country_code":"AU"},{"customer_id":2621,"first_name":"Damien","last_name":"Ye","email_address
e":"AU"},{"customer_id":2632,"first_name":"Joe","last_name":"Subram","email_address":"joe16@adventure-works.com","city":"Matraville","state_code":"NSW","country_code":"AU"},{"customer_id":2633,"first_name":"Cheryl","last_name":"Munoz","email_address":"cher
":2644,"first_name":"Ronald","last_name":"Sai","email_address":"ronald7@adventure-works.com","city":"Lane Cove","state_code":"NSW","country_code":"AU"},{"customer_id":2645,"first_name":"Kristi","last_name":"Dominguez","email_address":"kristi8@adventure-wor
hristopher","last_name":"Walker","email_address":"christopher23@adventure-works.com","city":"Bellingham","state_code":"WA","country_code":"US"},{"customer_id":2657,"first_name":"Faith","last_name":"Howard","email_address":"faith30@adventure-works.com","cit
Deng","email_address":"andres0@adventure-works.com","city":"Les Ulis","state_code":"91","country_code":"FR"},{"customer_id":2669,"first_name":"Stanley","last_name":"Martinez","email_address":"stanley19@adventure-works.com","city":"Coffs Harbour","state_cod
:"sandra9@adventure-works.com","city":"Lancaster","state_code":"ENG","country_code":"GB"},{"customer_id":2681,"first_name":"Jan","last_name":"Watson","email_address":"jan4@adventure-works.com","city":"Warrington","state_code":"ENG","country_code":"GB"},{"c
:"ENG","country_code":"GB"},{"customer_id":2693,"first_name":"Curtis","last_name":"Li","email_address":"curtis3@adventure-works.com","city":"Cambridge","state_code":"ENG","country_code":"GB"},{"customer_id":2694,"first_name":"Dominic","last_name":"Gonzalez
","country_code":"US"},{"customer_id":2705,"first_name":"Victoria","last_name":"Davis","email_address":"victoria6@adventure-works.com","city":"Walla Walla","state_code":"WA","country_code":"US"},{"customer_id":2706,"first_name":"Blake","last_name":"Mitchel
te_code":"CA","country_code":"US"},{"customer_id":2717,"first_name":"Brandon","last_name":"Jai","email_address":"brandon28@adventure-works.com","city":"Downey","state_code":"CA","country_code":"US"},{"customer_id":2718,"first_name":"Audrey","last_name":"Gi
,{"customer_id":2729,"first_name":"Taylor","last_name":"Stewart","email_address":"taylor1@adventure-works.com","city":"Bellflower","state_code":"CA","country_code":"US"},{"customer_id":2730,"first_name":"Jason","last_name":"Li","email_address":"jason24@adv
Jada","last_name":"Ramirez","email_address":"jada3@adventure-works.com","city":"Walla Walla","state_code":"WA","country_code":"US"},{"customer_id":2742,"first_name":"Haley","last_name":"Morgan","email_address":"haley4@adventure-works.com","city":"Imperial 
:"Parker","email_address":"isabella38@adventure-works.com","city":"La Jolla","state_code":"CA","country_code":"US"},{"customer_id":2754,"first_name":"Rebecca","last_name":"Nicholls","email_address":"rebecca12@adventure-works.com","city":"Redwood City","sta
ail_address":"stephanie55@adventure-works.com","city":"Dunkerque","state_code":"59","country_code":"FR"},{"customer_id":2766,"first_name":"Jaime","last_name":"Shen","email_address":"jaime26@adventure-works.com","city":"London","state_code":"ENG","country_c
ity":"Billericay","state_code":"ENG","country_code":"GB"},{"customer_id":2778,"first_name":"Manuel","last_name":"Perez","email_address":"manuel19@adventure-works.com","city":"London","state_code":"ENG","country_code":"GB"},{"customer_id":2779,"first_name":
try_code":"GB"},{"customer_id":2790,"first_name":"Julie","last_name":"Shan","email_address":"julie15@adventure-works.com","city":"Saarbr?cken","state_code":"SL","country_code":"DE"},{"customer_id":2791,"first_name":"Nina","last_name":"Deng","email_address"
t_name":"Colleen","last_name":"Andersen","email_address":"colleen36@adventure-works.com","city":"Chatou","state_code":"78","country_code":"FR"},{"customer_id":2803,"first_name":"Tina","last_name":"Subram","email_address":"tina14@adventure-works.com","city"
"Sun","email_address":"kristen12@adventure-works.com","city":"Tremblay-en-France","state_code":"93","country_code":"FR"},{"customer_id":2815,"first_name":"Sarah","last_name":"Walker","email_address":"sarah0@adventure-works.com","city":"Bury","state_code":"
works.com","city":"Lille","state_code":"59","country_code":"FR"},{"customer_id":2827,"first_name":"Candice","last_name":"He","email_address":"candice2@adventure-works.com","city":"Darmstadt","state_code":"HE","country_code":"DE"},{"customer_id":2828,"first
e_code":"BY","country_code":"DE"},{"customer_id":2839,"first_name":"Jill","last_name":"Rubio","email_address":"jill29@adventure-works.com","city":"Oxford","state_code":"ENG","country_code":"GB"},{"customer_id":2840,"first_name":"Manuel","last_name":"Madan"
try_code":"US"},{"customer_id":2851,"first_name":"Anthony","last_name":"Thompson","email_address":"anthony1@adventure-works.com","city":"Beverly Hills","state_code":"CA","country_code":"US"},{"customer_id":2852,"first_name":"Seth","last_name":"Moore","emai
omer_id":2863,"first_name":"Andrew","last_name":"Walker","email_address":"andrew30@adventure-works.com","city":"Bellflower","state_code":"CA","country_code":"US"},{"customer_id":2864,"first_name":"Kevin","last_name":"Long","email_address":"kevin12@adventur
me":"Bryant","email_address":"alyssa63@adventure-works.com","city":"Grossmont","state_code":"CA","country_code":"US"},{"customer_id":2876,"first_name":"Samantha","last_name":"Williams","email_address":"samantha3@adventure-works.com","city":"El Cajon","stat
,"email_address":"rachel11@adventure-works.com","city":"Colma","state_code":"CA","country_code":"US"},{"customer_id":2888,"first_name":"Nathan","last_name":"Scott","email_address":"nathan43@adventure-works.com","city":"Spring Valley","state_code":"CA","cou
nture-works.com","city":"Corvallis","state_code":"OR","country_code":"US"},{"customer_id":2900,"first_name":"Cameron","last_name":"Jones","email_address":"cameron44@adventure-works.com","city":"Olympia","state_code":"WA","country_code":"US"},{"customer_id"
","city":"Sedro Woolley","state_code":"WA","country_code":"US"},{"customer_id":2912,"first_name":"Andrea","last_name":"Kelly","email_address":"andrea3@adventure-works.com","city":"Seattle","state_code":"WA","country_code":"US"},{"customer_id":2913,"first_n
e":"OR","country_code":"US"},{"customer_id":2924,"first_name":"Steven","last_name":"Howard","email_address":"steven21@adventure-works.com","city":"Grossmont","state_code":"CA","country_code":"US"},{"customer_id":2925,"first_name":"Hannah","last_name":"Hall
ountry_code":"US"},{"customer_id":2936,"first_name":"Kimberly","last_name":"Sanchez","email_address":"kimberly25@adventure-works.com","city":"Oakland","state_code":"CA","country_code":"US"},{"customer_id":2937,"first_name":"Nathan","last_name":"Wilson","em
stomer_id":2948,"first_name":"Megan","last_name":"Hughes","email_address":"megan60@adventure-works.com","city":"Oregon City","state_code":"OR","country_code":"US"},{"customer_id":2949,"first_name":"Susan","last_name":"Ma","email_address":"susan26@adventure
":"Ebony","last_name":"Carlson","email_address":"ebony39@adventure-works.com","city":"Melton","state_code":"VIC","country_code":"AU"},{"customer_id":2961,"first_name":"Lacey","last_name":"Kumar","email_address":"lacey42@adventure-works.com","city":"Silverw
il_address":"bianca8@adventure-works.com","city":"Hervey Bay","state_code":"QLD","country_code":"AU"},{"customer_id":2973,"first_name":"Eugene","last_name":"Liang","email_address":"eugene21@adventure-works.com","city":"Perth","state_code":"SA","country_cod
@adventure-works.com","city":"Port Macquarie","state_code":"NSW","country_code":"AU"},{"customer_id":2985,"first_name":"Adrian","last_name":"Richardson","email_address":"adrian11@adventure-works.com","city":"San Diego","state_code":"CA","country_code":"US"
-works.com","city":"Melbourne","state_code":"VIC","country_code":"AU"},{"customer_id":2997,"first_name":"Marie","last_name":"Perez","email_address":"marie23@adventure-works.com","city":"North Ryde","state_code":"NSW","country_code":"AU"},{"customer_id":299
Coffs Harbour","state_code":"NSW","country_code":"AU"},{"customer_id":3009,"first_name":"Karen","last_name":"Liu","email_address":"karen13@adventure-works.com","city":"Geelong","state_code":"VIC","country_code":"AU"},{"customer_id":3010,"first_name":"Brand
untry_code":"AU"},{"customer_id":3021,"first_name":"Kristine","last_name":"Dominguez","email_address":"kristine13@adventure-works.com","city":"South Melbourne","state_code":"VIC","country_code":"AU"},{"customer_id":3022,"first_name":"Michelle","last_name":
ountry_code":"AU"},{"customer_id":3033,"first_name":"Arthur","last_name":"Chandra","email_address":"arthur4@adventure-works.com","city":"Silverwater","state_code":"NSW","country_code":"AU"},{"customer_id":3034,"first_name":"Melinda","last_name":"Torres","e
de":"US"},{"customer_id":3045,"first_name":"Thomas","last_name":"Wright","email_address":"thomas56@adventure-works.com","city":"Oakland","state_code":"CA","country_code":"US"},{"customer_id":3046,"first_name":"Tanya","last_name":"Ramos","email_address":"ta
ustomer_id":3057,"first_name":"Nelson","last_name":"Sanz","email_address":"nelson19@adventure-works.com","city":"Bendigo","state_code":"VIC","country_code":"AU"},{"customer_id":3058,"first_name":"Lance","last_name":"Alonso","email_address":"lance8@adventur
st_name":"Brent","last_name":"McDonald","email_address":"brent16@adventure-works.com","city":"North Sydney","state_code":"NSW","country_code":"AU"},{"customer_id":3070,"first_name":"Joy","last_name":"Serrano","email_address":"joy15@adventure-works.com","ci
name":"Srini","email_address":"cynthia13@adventure-works.com","city":"Beaverton","state_code":"OR","country_code":"US"},{"customer_id":3082,"first_name":"Nicole","last_name":"Butler","email_address":"nicole63@adventure-works.com","city":"Oakland","state_co
_address":"maurice19@adventure-works.com","city":"Bellingham","state_code":"WA","country_code":"US"},{"customer_id":3094,"first_name":"Jillian","last_name":"Arthur","email_address":"jillian7@adventure-works.com","city":"Beverly Hills","state_code":"CA","co
_address":"sydney18@adventure-works.com","city":"Downey","state_code":"CA","country_code":"US"},{"customer_id":3106,"first_name":"Jackson","last_name":"Zhang","email_address":"jackson25@adventure-works.com","city":"Lincoln Acres","state_code":"CA","country
ddress":"brianna40@adventure-works.com","city":"Sedro Woolley","state_code":"WA","country_code":"US"},{"customer_id":3118,"first_name":"Emma","last_name":"Cook","email_address":"emma29@adventure-works.com","city":"Yakima","state_code":"WA","country_code":"
.com","city":"Rockhampton","state_code":"QLD","country_code":"AU"},{"customer_id":3130,"first_name":"Monica","last_name":"Martinez","email_address":"monica17@adventure-works.com","city":"Silverwater","state_code":"NSW","country_code":"AU"},{"customer_id":3
"state_code":"NW","country_code":"DE"},{"customer_id":3142,"first_name":"Ana","last_name":"Bryant","email_address":"ana16@adventure-works.com","city":"Villeneuve-d'Ascq","state_code":"59","country_code":"FR"},{"customer_id":3143,"first_name":"Damien","last
rst_name":"Dylan","last_name":"Lewis","email_address":"dylan51@adventure-works.com","city":"Hof","state_code":"BY","country_code":"DE"},{"customer_id":3155,"first_name":"Willie","last_name":"Gao","email_address":"willie13@adventure-works.com","city":"Verri
y","email_address":"natalie18@adventure-works.com","city":"Newcastle upon Tyne","state_code":"ENG","country_code":"GB"},{"customer_id":3167,"first_name":"Elizabeth","last_name":"Jenkins","email_address":"elizabeth36@adventure-works.com","city":"Saint Germa
me":"Nara","email_address":"kenneth13@adventure-works.com","city":"Dunkerque","state_code":"59","country_code":"FR"},{"customer_id":3179,"first_name":"Katie","last_name":"Raje","email_address":"katie16@adventure-works.com","city":"Paris","state_code":"75",
venture-works.com","city":"Dresden","state_code":"HE","country_code":"DE"},{"customer_id":3191,"first_name":"Candace","last_name":"Patel","email_address":"candace2@adventure-works.com","city":"M?nchen","state_code":"NW","country_code":"DE"},{"customer_id":
tate_code":"75","country_code":"FR"},{"customer_id":3203,"first_name":"Clayton","last_name":"Zeng","email_address":"clayton19@adventure-works.com","city":"Saarbr?cken","state_code":"SL","country_code":"DE"},{"customer_id":3204,"first_name":"Seth","last_nam
},{"customer_id":3215,"first_name":"Robyn","last_name":"Munoz","email_address":"robyn5@adventure-works.com","city":"Malabar","state_code":"NSW","country_code":"AU"},{"customer_id":3216,"first_name":"Stacey","last_name":"Yang","email_address":"stacey5@adven
"Heidi","last_name":"Mehta","email_address":"heidi16@adventure-works.com","city":"Lavender Bay","state_code":"NSW","country_code":"AU"},{"customer_id":3228,"first_name":"Alison","last_name":"Xu","email_address":"alison4@adventure-works.com","city":"Milsons
":"jay25@adventure-works.com","city":"Wollongong","state_code":"NSW","country_code":"AU"},{"customer_id":3240,"first_name":"Maria","last_name":"Peterson","email_address":"maria17@adventure-works.com","city":"Lakewood","state_code":"CA","country_code":"US"}
om","city":"Concord","state_code":"CA","country_code":"US"},{"customer_id":3252,"first_name":"Alex","last_name":"Brooks","email_address":"alex4@adventure-works.com","city":"Santa Cruz","state_code":"CA","country_code":"US"},{"customer_id":3253,"first_name"
arie","state_code":"NSW","country_code":"AU"},{"customer_id":3264,"first_name":"Nina","last_name":"Lal","email_address":"nina9@adventure-works.com","city":"Silverwater","state_code":"NSW","country_code":"AU"},{"customer_id":3265,"first_name":"Karl","last_n
,{"customer_id":3276,"first_name":"Arthur","last_name":"Prasad","email_address":"arthur11@adventure-works.com","city":"Findon","state_code":"SA","country_code":"AU"},{"customer_id":3277,"first_name":"Melody","last_name":"Suarez","email_address":"melody19@a
er_id":3288,"first_name":"Derek","last_name":"Xie","email_address":"derek3@adventure-works.com","city":"Port Macquarie","state_code":"NSW","country_code":"AU"},{"customer_id":3289,"first_name":"Christina","last_name":"Ramirez","email_address":"christina5@a
r_id":3300,"first_name":"Jermaine","last_name":"Chandra","email_address":"jermaine1@adventure-works.com","city":"Goulburn","state_code":"NSW","country_code":"AU"},{"customer_id":3301,"first_name":"Colin","last_name":"He","email_address":"colin19@adventure-
,"last_name":"Alvarez","email_address":"erik6@adventure-works.com","city":"Sydney","state_code":"NSW","country_code":"AU"},{"customer_id":3313,"first_name":"Claudia","last_name":"Lin","email_address":"claudia6@adventure-works.com","city":"Caloundra","state
"Tang","email_address":"colin27@adventure-works.com","city":"Rhodes","state_code":"NSW","country_code":"AU"},{"customer_id":3325,"first_name":"Jessie","last_name":"Alvarez","email_address":"jessie2@adventure-works.com","city":"South Melbourne","state_code"
nture-works.com","city":"Walla Walla","state_code":"WA","country_code":"US"},{"customer_id":3337,"first_name":"Gabriel","last_name":"Baker","email_address":"gabriel38@adventure-works.com","city":"Beaverton","state_code":"OR","country_code":"US"},{"customer
ate_code":"NSW","country_code":"AU"},{"customer_id":3349,"first_name":"Alex","last_name":"Scott","email_address":"alex44@adventure-works.com","city":"Port Macquarie","state_code":"NSW","country_code":"AU"},{"customer_id":3350,"first_name":"Nicole","last_na
CA"},{"customer_id":3361,"first_name":"Samantha","last_name":"Patterson","email_address":"samantha36@adventure-works.com","city":"Mill Valley","state_code":"CA","country_code":"US"},{"customer_id":3362,"first_name":"Franklin","last_name":"Raje","email_addr
r_id":3373,"first_name":"Kaitlyn","last_name":"Washington","email_address":"kaitlyn80@adventure-works.com","city":"Port Orchard","state_code":"WA","country_code":"US"},{"customer_id":3374,"first_name":"Ricardo","last_name":"Jai","email_address":"ricardo11@
e":"Rachel","last_name":"Miller","email_address":"rachel8@adventure-works.com","city":"Sedro Woolley","state_code":"WA","country_code":"US"},{"customer_id":3386,"first_name":"Maria","last_name":"Hall","email_address":"maria64@adventure-works.com","city":"L
ail_address":"zoe22@adventure-works.com","city":"Olympia","state_code":"WA","country_code":"US"},{"customer_id":3398,"first_name":"Sierra","last_name":"Edwards","email_address":"sierra1@adventure-works.com","city":"Port Orchard","state_code":"WA","country_
enture-works.com","city":"National City","state_code":"CA","country_code":"US"},{"customer_id":3410,"first_name":"Eric","last_name":"Wang","email_address":"eric32@adventure-works.com","city":"National City","state_code":"CA","country_code":"US"},{"customer
-works.com","city":"Lynnwood","state_code":"WA","country_code":"US"},{"customer_id":3422,"first_name":"Hannah","last_name":"Barnes","email_address":"hannah26@adventure-works.com","city":"Woodburn","state_code":"OR","country_code":"US"},{"customer_id":3423,
rchard","state_code":"WA","country_code":"US"},{"customer_id":3434,"first_name":"Jennifer","last_name":"Peterson","email_address":"jennifer68@adventure-works.com","city":"Concord","state_code":"CA","country_code":"US"},{"customer_id":3435,"first_name":"Sop
ey","state_code":"CA","country_code":"US"},{"customer_id":3446,"first_name":"Benjamin","last_name":"Henderson","email_address":"benjamin6@adventure-works.com","city":"Palo Alto","state_code":"CA","country_code":"US"},{"customer_id":3447,"first_name":"Jerem
o Woolley","state_code":"WA","country_code":"US"},{"customer_id":3458,"first_name":"Thomas","last_name":"White","email_address":"thomas74@adventure-works.com","city":"La Jolla","state_code":"CA","country_code":"US"},{"customer_id":3459,"first_name":"Jordan
ode":"US"},{"customer_id":3470,"first_name":"Angela","last_name":"Bell","email_address":"angela40@adventure-works.com","city":"Yakima","state_code":"WA","country_code":"US"},{"customer_id":3471,"first_name":"Jeremy","last_name":"Robinson","email_address":"
ode":"CA"},{"customer_id":3482,"first_name":"Mary","last_name":"Edwards","email_address":"mary15@adventure-works.com","city":"Bremerton","state_code":"WA","country_code":"US"},{"customer_id":3483,"first_name":"Noah","last_name":"Perez","email_address":"noa
d":3494,"first_name":"Sara","last_name":"Parker","email_address":"sara33@adventure-works.com","city":"Torrance","state_code":"CA","country_code":"US"},{"customer_id":3495,"first_name":"Cameron","last_name":"Diaz","email_address":"cameron17@adventure-works.
st_name":"Edwards","email_address":"alex28@adventure-works.com","city":"Beverly Hills","state_code":"CA","country_code":"US"},{"customer_id":3507,"first_name":"Stacy","last_name":"Suarez","email_address":"stacy20@adventure-works.com","city":"Beaverton","st
e":"Rodriguez","email_address":"ebony20@adventure-works.com","city":"North Sydney","state_code":"NSW","country_code":"AU"},{"customer_id":3519,"first_name":"Ann","last_name":"Mehta","email_address":"ann19@adventure-works.com","city":"Caloundra","state_code
orks.com","city":"W. York","state_code":"ENG","country_code":"GB"},{"customer_id":3531,"first_name":"Ethan","last_name":"Smith","email_address":"ethan29@adventure-works.com","city":"Warrington","state_code":"ENG","country_code":"GB"},{"customer_id":3532,"f
:"SL","country_code":"DE"},{"customer_id":3543,"first_name":"Alex","last_name":"Ward","email_address":"alex16@adventure-works.com","city":"Newcastle upon Tyne","state_code":"ENG","country_code":"GB"},{"customer_id":3544,"first_name":"Heather","last_name":"
first_name":"Isaac","last_name":"Mitchell","email_address":"isaac33@adventure-works.com","city":"Stoke-on-Trent","state_code":"ENG","country_code":"GB"},{"customer_id":3556,"first_name":"Jodi","last_name":"Kumar","email_address":"jodi7@adventure-works.com"
t_name":"Mitchell","email_address":"kaylee33@adventure-works.com","city":"Haney","state_code":"BC","country_code":"CA"},{"customer_id":3568,"first_name":"Seth","last_name":"Thomas","email_address":"seth11@adventure-works.com","city":"Shawnee","state_code":
Carter","email_address":"jonathan39@adventure-works.com","city":"Cliffside","state_code":"BC","country_code":"CA"},{"customer_id":3580,"first_name":"Luis","last_name":"Henderson","email_address":"luis3@adventure-works.com","city":"Lake Oswego","state_code"
address":"marissa11@adventure-works.com","city":"Concord","state_code":"CA","country_code":"US"},{"customer_id":3592,"first_name":"Charles","last_name":"Harris","email_address":"charles17@adventure-works.com","city":"Lemon Grove","state_code":"CA","country
venture-works.com","city":"West Covina","state_code":"CA","country_code":"US"},{"customer_id":3604,"first_name":"Sara","last_name":"Ward","email_address":"sara13@adventure-works.com","city":"Redwood City","state_code":"CA","country_code":"US"},{"customer_i
:"Colma","state_code":"CA","country_code":"US"},{"customer_id":3616,"first_name":"Audrey","last_name":"Dominguez","email_address":"audrey14@adventure-works.com","city":"Concord","state_code":"CA","country_code":"US"},{"customer_id":3617,"first_name":"Emma"
:"BC","country_code":"CA"},{"customer_id":3628,"first_name":"Isaiah","last_name":"Hill","email_address":"isaiah37@adventure-works.com","city":"San Carlos","state_code":"CA","country_code":"US"},{"customer_id":3629,"first_name":"Carlos","last_name":"Brooks"
":3640,"first_name":"Jeremiah","last_name":"Howard","email_address":"jeremiah43@adventure-works.com","city":"Downey","state_code":"CA","country_code":"US"},{"customer_id":3641,"first_name":"Mackenzie","last_name":"Adams","email_address":"mackenzie36@advent
me":"Green","email_address":"amber15@adventure-works.com","city":"W. Linn","state_code":"OR","country_code":"US"},{"customer_id":3653,"first_name":"Russell","last_name":"Luo","email_address":"russell10@adventure-works.com","city":"Beverly Hills","state_cod
nture-works.com","city":"Colma","state_code":"CA","country_code":"US"},{"customer_id":3665,"first_name":"Kayla","last_name":"Ross","email_address":"kayla28@adventure-works.com","city":"San Carlos","state_code":"CA","country_code":"US"},{"customer_id":3666,
state_code":"QLD","country_code":"AU"},{"customer_id":3677,"first_name":"Micah","last_name":"Wang","email_address":"micah11@adventure-works.com","city":"Goulburn","state_code":"NSW","country_code":"AU"},{"customer_id":3678,"first_name":"Ross","last_name":"
ntry_code":"FR"},{"customer_id":3689,"first_name":"Tabitha","last_name":"Carlson","email_address":"tabitha39@adventure-works.com","city":"Hamburg","state_code":"HE","country_code":"DE"},{"customer_id":3690,"first_name":"Lloyd","last_name":"Saunders","email
"DE"},{"customer_id":3701,"first_name":"Edward","last_name":"Edwards","email_address":"edward20@adventure-works.com","city":"Gateshead","state_code":"ENG","country_code":"GB"},{"customer_id":3702,"first_name":"Maurizio","last_name":"Macagno","email_address
mail_address":"eugene8@adventure-works.com","city":"London","state_code":"ENG","country_code":"GB"},{"customer_id":3714,"first_name":"Jon","last_name":"Ye","email_address":"jon29@adventure-works.com","city":"Offenbach","state_code":"SL","country_code":"DE"
om","city":"Cliffside","state_code":"BC","country_code":"CA"},{"customer_id":3726,"first_name":"Evan","last_name":"Morgan","email_address":"evan14@adventure-works.com","city":"Victoria","state_code":"BC","country_code":"CA"},{"customer_id":3727,"first_name
e_code":"OR","country_code":"US"},{"customer_id":3738,"first_name":"Dominic","last_name":"Srini","email_address":"dominic8@adventure-works.com","city":"Bellingham","state_code":"WA","country_code":"US"},{"customer_id":3739,"first_name":"Ethan","last_name":
US"},{"customer_id":3750,"first_name":"Jose","last_name":"Jenkins","email_address":"jose30@adventure-works.com","city":"Burbank","state_code":"CA","country_code":"US"},{"customer_id":3751,"first_name":"Mary","last_name":"Green","email_address":"mary28@adve
62,"first_name":"Morgan","last_name":"Kelly","email_address":"morgan68@adventure-works.com","city":"San Gabriel","state_code":"CA","country_code":"US"},{"customer_id":3763,"first_name":"Adriana","last_name":"Perez","email_address":"adriana22@adventure-work
name":"Ross","email_address":"noah0@adventure-works.com","city":"Villeneuve-d'Ascq","state_code":"59","country_code":"FR"},{"customer_id":3775,"first_name":"Max","last_name":"Ferrier","email_address":"max8@adventure-works.com","city":"Bonn","state_code":"H
0@adventure-works.com","city":"Saint Germain en Laye","state_code":"78","country_code":"FR"},{"customer_id":3787,"first_name":"Tristan","last_name":"Jenkins","email_address":"tristan7@adventure-works.com","city":"Erlangen","state_code":"BY","country_code":
im","state_code":"HH","country_code":"DE"},{"customer_id":3799,"first_name":"Colleen","last_name":"Nara","email_address":"colleen39@adventure-works.com","city":"Croix","state_code":"59","country_code":"FR"},{"customer_id":3800,"first_name":"Katie","last_na
"},{"customer_id":3811,"first_name":"Russell","last_name":"Anand","email_address":"russell25@adventure-works.com","city":"Paris","state_code":"75","country_code":"FR"},{"customer_id":3812,"first_name":"Molly","last_name":"Sanchez","email_address":"molly19@
t_name":"Jessica","last_name":"Martin","email_address":"jessica62@adventure-works.com","city":"Darmstadt","state_code":"HE","country_code":"DE"},{"customer_id":3824,"first_name":"Nelson","last_name":"Harrison","email_address":"nelson9@adventure-works.com",
"Jimenez","email_address":"ebony28@adventure-works.com","city":"Kassel","state_code":"HE","country_code":"DE"},{"customer_id":3836,"first_name":"Melody","last_name":"Saunders","email_address":"melody20@adventure-works.com","city":"Paderborn","state_code":"
-works.com","city":"Milton Keynes","state_code":"ENG","country_code":"GB"},{"customer_id":3848,"first_name":"Vadim","last_name":"Sazanovich","email_address":"vadim0@adventure-works.com","city":"W. York","state_code":"ENG","country_code":"GB"},{"customer_id
inghurst","state_code":"NSW","country_code":"AU"},{"customer_id":3860,"first_name":"Jarrod","last_name":"Weber","email_address":"jarrod4@adventure-works.com","city":"Lavender Bay","state_code":"NSW","country_code":"AU"},{"customer_id":3861,"first_name":"Ar
lflower","state_code":"CA","country_code":"US"},{"customer_id":3872,"first_name":"Timothy","last_name":"Hill","email_address":"timothy39@adventure-works.com","city":"Langley","state_code":"BC","country_code":"CA"},{"customer_id":3873,"first_name":"Fernando
e_code":"CA","country_code":"US"},{"customer_id":3884,"first_name":"Gabrielle","last_name":"Barnes","email_address":"gabrielle25@adventure-works.com","city":"Lemon Grove","state_code":"CA","country_code":"US"},{"customer_id":3885,"first_name":"Kristi","las
country_code":"US"},{"customer_id":3896,"first_name":"Connor","last_name":"Hernandez","email_address":"connor45@adventure-works.com","city":"Torrance","state_code":"CA","country_code":"US"},{"customer_id":3897,"first_name":"Alexia","last_name":"Flores","em
C","country_code":"CA"},{"customer_id":3908,"first_name":"Sheena","last_name":"Anand","email_address":"sheena21@adventure-works.com","city":"Concord","state_code":"CA","country_code":"US"},{"customer_id":3909,"first_name":"Morgan","last_name":"Mitchell","e
untry_code":"US"},{"customer_id":3920,"first_name":"Erik","last_name":"Torres","email_address":"erik12@adventure-works.com","city":"Concord","state_code":"CA","country_code":"US"},{"customer_id":3921,"first_name":"Jason","last_name":"Hill","email_address":
name":"Pal","email_address":"andres9@adventure-works.com","city":"Paris","state_code":"75","country_code":"FR"},{"customer_id":3933,"first_name":"Pedro","last_name":"Fernandez","email_address":"pedro15@adventure-works.com","city":"Paris","state_code":"75",
ress":"lindsay12@adventure-works.com","city":"Stuttgart","state_code":"SL","country_code":"DE"},{"customer_id":3945,"first_name":"Sebastian","last_name":"Watson","email_address":"sebastian1@adventure-works.com","city":"Drancy","state_code":"93","country_co
s.com","city":"Oxford","state_code":"ENG","country_code":"GB"},{"customer_id":3957,"first_name":"Krista","last_name":"Romero","email_address":"krista10@adventure-works.com","city":"Hamburg","state_code":"HH","country_code":"DE"},{"customer_id":3958,"first_
de":"DE"},{"customer_id":3969,"first_name":"Troy","last_name":"Patel","email_address":"troy3@adventure-works.com","city":"London","state_code":"ENG","country_code":"GB"},{"customer_id":3970,"first_name":"Julio","last_name":"Vazquez","email_address":"julio1
:"Garcia","email_address":"michele28@adventure-works.com","city":"Sulzbach Taunus","state_code":"SL","country_code":"DE"},{"customer_id":3982,"first_name":"April","last_name":"Raji","email_address":"april17@adventure-works.com","city":"London","state_code"
com","city":"Basingstoke Hants","state_code":"ENG","country_code":"GB"},{"customer_id":3994,"first_name":"Sean","last_name":"Morgan","email_address":"sean21@adventure-works.com","city":"Bury","state_code":"ENG","country_code":"GB"},{"customer_id":3995,"fir
ne-sur-Mer","state_code":"62","country_code":"FR"},{"customer_id":4006,"first_name":"Adrian","last_name":"Cooper","email_address":"adrian10@adventure-works.com","city":"Long Beach","state_code":"CA","country_code":"US"},{"customer_id":4007,"first_name":"Gr
ry_code":"US"},{"customer_id":4018,"first_name":"Amanda","last_name":"Ramirez","email_address":"amanda16@adventure-works.com","city":"Los Angeles","state_code":"CA","country_code":"US"},{"customer_id":4019,"first_name":"Felicia","last_name":"Martin","email
"customer_id":4030,"first_name":"Alejandro","last_name":"Ye","email_address":"alejandro12@adventure-works.com","city":"Wollongong","state_code":"NSW","country_code":"AU"},{"customer_id":4031,"first_name":"Jeffery","last_name":"Zheng","email_address":"jeffe
_name":"Michele","last_name":"Goel","email_address":"michele20@adventure-works.com","city":"Hawthorne","state_code":"QLD","country_code":"AU"},{"customer_id":4043,"first_name":"Bryant","last_name":"Perez","email_address":"bryant20@adventure-works.com","cit
"email_address":"kurt13@adventure-works.com","city":"Tremblay-en-France","state_code":"93","country_code":"FR"},{"customer_id":4055,"first_name":"Roger","last_name":"Anand","email_address":"roger50@adventure-works.com","city":"M?nchen","state_code":"HE","c
,"city":"Berlin","state_code":"HE","country_code":"DE"},{"customer_id":4067,"first_name":"Diana","last_name":"Munoz","email_address":"diana6@adventure-works.com","city":"Pantin","state_code":"93","country_code":"FR"},{"customer_id":4068,"first_name":"Dana"
e":"ENG","country_code":"GB"},{"customer_id":4079,"first_name":"Jacob","last_name":"Wilson","email_address":"jacob7@adventure-works.com","city":"Gateshead","state_code":"ENG","country_code":"GB"},{"customer_id":4080,"first_name":"Jose","last_name":"Martin"
de":"ENG","country_code":"GB"},{"customer_id":4091,"first_name":"Troy","last_name":"Mehta","email_address":"troy15@adventure-works.com","city":"Bottrop","state_code":"NW","country_code":"DE"},{"customer_id":4092,"first_name":"Jermaine","last_name":"Madan",
,"last_name":"Malhotra","email_address":"allen4@adventure-works.com","city":"Leeds","state_code":"ENG","country_code":"GB"},{"customer_id":4104,"first_name":"Jonathan","last_name":"Lopez","email_address":"jonathan50@adventure-works.com","city":"Stoke-on-Tr
mail_address":"erika5@adventure-works.com","city":"Stuttgart","state_code":"SL","country_code":"DE"},{"customer_id":4116,"first_name":"Christian","last_name":"Patterson","email_address":"christian25@adventure-works.com","city":"Dunkerque","state_code":"59"
ress":"manuel18@adventure-works.com","city":"Hobart","state_code":"TAS","country_code":"AU"},{"customer_id":4128,"first_name":"Wesley","last_name":"Yang","email_address":"wesley5@adventure-works.com","city":"Lane Cove","state_code":"NSW","country_code":"AU
ity":"Sydney","state_code":"NSW","country_code":"AU"},{"customer_id":4140,"first_name":"Colin","last_name":"She","email_address":"colin23@adventure-works.com","city":"South Melbourne","state_code":"VIC","country_code":"AU"},{"customer_id":4141,"first_name"
ode":"NSW","country_code":"AU"},{"customer_id":4152,"first_name":"Karl","last_name":"Shen","email_address":"karl2@adventure-works.com","city":"Lavender Bay","state_code":"NSW","country_code":"AU"},{"customer_id":4153,"first_name":"Meghan","last_name":"More
y_code":"CA"},{"customer_id":4164,"first_name":"Victoria","last_name":"Murphy","email_address":"victoria32@adventure-works.com","city":"Yakima","state_code":"WA","country_code":"US"},{"customer_id":4165,"first_name":"Savannah","last_name":"Collins","email_
e":"US"},{"customer_id":4176,"first_name":"Kristi","last_name":"Malhotra","email_address":"kristi21@adventure-works.com","city":"Calgary","state_code":"AB","country_code":"CA"},{"customer_id":4177,"first_name":"Kristi","last_name":"Ramos","email_address":"
last_name":"Brown","email_address":"benjamin36@adventure-works.com","city":"Langford","state_code":"BC","country_code":"CA"},{"customer_id":4189,"first_name":"Isaac","last_name":"Watson","email_address":"isaac0@adventure-works.com","city":"Marysville","sta
ture-works.com","city":"Berkeley","state_code":"CA","country_code":"US"},{"customer_id":4201,"first_name":"Mindy","last_name":"Simpson","email_address":"mindy6@adventure-works.com","city":"Burlingame","state_code":"CA","country_code":"US"},{"customer_id":4
ale","state_code":"SA","country_code":"AU"},{"customer_id":4213,"first_name":"Marcus","last_name":"Henderson","email_address":"marcus54@adventure-works.com","city":"Goulburn","state_code":"NSW","country_code":"AU"},{"customer_id":4214,"first_name":"Briana"
"country_code":"AU"},{"customer_id":4225,"first_name":"Pedro","last_name":"Gutierrez","email_address":"pedro31@adventure-works.com","city":"North Sydney","state_code":"NSW","country_code":"AU"},{"customer_id":4226,"first_name":"Yolanda","last_name":"Bhat",
U"},{"customer_id":4237,"first_name":"Brandy","last_name":"Kapoor","email_address":"brandy19@adventure-works.com","city":"Gold Coast","state_code":"QLD","country_code":"AU"},{"customer_id":4238,"first_name":"Devon","last_name":"Lal","email_address":"devon6
country_code":"US"},{"customer_id":4249,"first_name":"Richard","last_name":"Harris","email_address":"richard54@adventure-works.com","city":"Burien","state_code":"WA","country_code":"US"},{"customer_id":4250,"first_name":"Abigail","last_name":"Anderson","em
,"first_name":"Kathleen","last_name":"Torres","email_address":"kathleen14@adventure-works.com","city":"Chula Vista","state_code":"CA","country_code":"US"},{"customer_id":4262,"first_name":"Carolyn","last_name":"Torres","email_address":"carolyn32@adventure-
"Kyle","last_name":"Gonzales","email_address":"kyle12@adventure-works.com","city":"Tacoma","state_code":"WA","country_code":"US"},{"customer_id":4274,"first_name":"Brandon","last_name":"Alexander","email_address":"brandon16@adventure-works.com","city":"Lin
"last_name":"Prasad","email_address":"jay16@adventure-works.com","city":"Colma","state_code":"CA","country_code":"US"},{"customer_id":4286,"first_name":"Olivia","last_name":"Rodriguez","email_address":"olivia19@adventure-works.com","city":"Chula Vista","st
n","email_address":"chloe60@adventure-works.com","city":"Woodland Hills","state_code":"CA","country_code":"US"},{"customer_id":4298,"first_name":"Nicole","last_name":"Bryant","email_address":"nicole67@adventure-works.com","city":"Edmonds","state_code":"WA"
risty26@adventure-works.com","city":"Berkeley","state_code":"CA","country_code":"US"},{"customer_id":4310,"first_name":"Dylan","last_name":"Wilson","email_address":"dylan34@adventure-works.com","city":"Burbank","state_code":"CA","country_code":"US"},{"cust
o68@adventure-works.com","city":"Redmond","state_code":"WA","country_code":"US"},{"customer_id":4322,"first_name":"Blake","last_name":"Phillips","email_address":"blake42@adventure-works.com","city":"Fremont","state_code":"CA","country_code":"US"},{"custome
ture-works.com","city":"Seattle","state_code":"WA","country_code":"US"},{"customer_id":4334,"first_name":"Marie","last_name":"Diaz","email_address":"marie27@adventure-works.com","city":"Burbank","state_code":"CA","country_code":"US"},{"customer_id":4335,"f
te_code":"CA","country_code":"US"},{"customer_id":4346,"first_name":"Ashley","last_name":"Perry","email_address":"ashley34@adventure-works.com","city":"San Gabriel","state_code":"CA","country_code":"US"},{"customer_id":4347,"first_name":"Charles","last_nam
,"country_code":"DE"},{"customer_id":4358,"first_name":"Craig","last_name":"Navarro","email_address":"craig11@adventure-works.com","city":"Hannover","state_code":"NW","country_code":"DE"},{"customer_id":4359,"first_name":"Danielle","last_name":"Sanders","e
tomer_id":4370,"first_name":"Connor","last_name":"Perez","email_address":"connor32@adventure-works.com","city":"Burien","state_code":"WA","country_code":"US"},{"customer_id":4371,"first_name":"Jessica","last_name":"Butler","email_address":"jessica38@advent
e":"Alexa","last_name":"Howard","email_address":"alexa9@adventure-works.com","city":"Olympia","state_code":"WA","country_code":"US"},{"customer_id":4383,"first_name":"Kimberly","last_name":"Blue","email_address":"kimberly16@adventure-works.com","city":"Ber
"Ruiz","email_address":"rebekah22@adventure-works.com","city":"Berkeley","state_code":"CA","country_code":"US"},{"customer_id":4395,"first_name":"Natalie","last_name":"Wilson","email_address":"natalie74@adventure-works.com","city":"Lemon Grove","state_code
iguel50@adventure-works.com","city":"Berkeley","state_code":"CA","country_code":"US"},{"customer_id":4407,"first_name":"Amanda","last_name":"Butler","email_address":"amanda35@adventure-works.com","city":"Milwaukie","state_code":"OR","country_code":"US"},{"
y":"Chula Vista","state_code":"CA","country_code":"US"},{"customer_id":4419,"first_name":"Angel","last_name":"Kelly","email_address":"angel1@adventure-works.com","city":"Port Hammond","state_code":"BC","country_code":"CA"},{"customer_id":4420,"first_name":
CA","country_code":"US"},{"customer_id":4431,"first_name":"Alfredo","last_name":"Jim?nez","email_address":"alfredo6@adventure-works.com","city":"Burien","state_code":"WA","country_code":"US"},{"customer_id":4432,"first_name":"John","last_name":"Jackson","e
},{"customer_id":4443,"first_name":"Alejandro","last_name":"Shen","email_address":"alejandro28@adventure-works.com","city":"Roncq","state_code":"59","country_code":"FR"},{"customer_id":4444,"first_name":"Francisco","last_name":"Patel","email_address":"fran
Bennett","email_address":"ian41@adventure-works.com","city":"Werne","state_code":"NW","country_code":"DE"},{"customer_id":4456,"first_name":"Denise","last_name":"Raman","email_address":"denise13@adventure-works.com","city":"Roubaix","state_code":"59","coun
"elijah32@adventure-works.com","city":"San Carlos","state_code":"CA","country_code":"US"},{"customer_id":4468,"first_name":"Caleb","last_name":"Shan","email_address":"caleb27@adventure-works.com","city":"Burbank","state_code":"CA","country_code":"US"},{"cu
@adventure-works.com","city":"Metchosin","state_code":"BC","country_code":"CA"},{"customer_id":4480,"first_name":"Andrea","last_name":"Wright","email_address":"andrea42@adventure-works.com","city":"Olympia","state_code":"WA","country_code":"US"},{"customer
venture-works.com","city":"Port Hammond","state_code":"BC","country_code":"CA"},{"customer_id":4492,"first_name":"Shannon","last_name":"Li","email_address":"shannon3@adventure-works.com","city":"Clearwater","state_code":"FL","country_code":"US"},{"customer
llis","state_code":"OR","country_code":"US"},{"customer_id":4504,"first_name":"Caitlin","last_name":"James","email_address":"caitlin6@adventure-works.com","city":"Sedro Woolley","state_code":"WA","country_code":"US"},{"customer_id":4505,"first_name":"Jared
untry_code":"US"},{"customer_id":4516,"first_name":"Carlos","last_name":"Wright","email_address":"carlos49@adventure-works.com","city":"Yakima","state_code":"WA","country_code":"US"},{"customer_id":4517,"first_name":"Shaun","last_name":"Raje","email_addres
e":"CA"},{"customer_id":4528,"first_name":"Megan","last_name":"Rivera","email_address":"megan37@adventure-works.com","city":"Imperial Beach","state_code":"CA","country_code":"US"},{"customer_id":4529,"first_name":"Lucas","last_name":"Ramirez","email_addres
:4540,"first_name":"Raul","last_name":"Goel","email_address":"raul17@adventure-works.com","city":"Berkeley","state_code":"CA","country_code":"US"},{"customer_id":4541,"first_name":"Randall","last_name":"Ortega","email_address":"randall24@adventure-works.co
,"last_name":"Gray","email_address":"kaylee4@adventure-works.com","city":"Burien","state_code":"WA","country_code":"US"},{"customer_id":4553,"first_name":"Tyler","last_name":"Lewis","email_address":"tyler21@adventure-works.com","city":"Olympia","state_code
ture-works.com","city":"Issaquah","state_code":"WA","country_code":"US"},{"customer_id":4565,"first_name":"Eduardo","last_name":"Hughes","email_address":"eduardo56@adventure-works.com","city":"Sooke","state_code":"BC","country_code":"CA"},{"customer_id":45
_code":"QLD","country_code":"AU"},{"customer_id":4577,"first_name":"Carly","last_name":"Raje","email_address":"carly13@adventure-works.com","city":"Milsons Point","state_code":"NSW","country_code":"AU"},{"customer_id":4578,"first_name":"Mayra","last_name":
:"AU"},{"customer_id":4589,"first_name":"Kristy","last_name":"Alvarez","email_address":"kristy5@adventure-works.com","city":"Goulburn","state_code":"NSW","country_code":"AU"},{"customer_id":4590,"first_name":"Gilbert","last_name":"He","email_address":"gilb
:4601,"first_name":"Josue","last_name":"Dominguez","email_address":"josue1@adventure-works.com","city":"Bendigo","state_code":"VIC","country_code":"AU"},{"customer_id":4602,"first_name":"Naomi","last_name":"Moreno","email_address":"naomi6@adventure-works.c
:"Ma","email_address":"damien12@adventure-works.com","city":"Milton Keynes","state_code":"ENG","country_code":"GB"},{"customer_id":4614,"first_name":"Melinda","last_name":"Moreno","email_address":"melinda3@adventure-works.com","city":"Drancy","state_code":
rks.com","city":"Paris La Defense","state_code":"92","country_code":"FR"},{"customer_id":4626,"first_name":"Clinton","last_name":"Alvarez","email_address":"clinton1@adventure-works.com","city":"Bonn","state_code":"HH","country_code":"DE"},{"customer_id":46
","city":"Darmstadt","state_code":"HE","country_code":"DE"},{"customer_id":4638,"first_name":"Russell","last_name":"Sharma","email_address":"russell12@adventure-works.com","city":"Saint Ouen","state_code":"17","country_code":"FR"},{"customer_id":4639,"firs
ntry_code":"AU"},{"customer_id":4650,"first_name":"Melinda","last_name":"Jimenez","email_address":"melinda2@adventure-works.com","city":"Paderborn","state_code":"NW","country_code":"DE"},{"customer_id":4651,"first_name":"Ronnie","last_name":"Li","email_add
,"first_name":"Brandon","last_name":"Robinson","email_address":"brandon48@adventure-works.com","city":"Stoke-on-Trent","state_code":"ENG","country_code":"GB"},{"customer_id":4663,"first_name":"Megan","last_name":"Richardson","email_address":"megan38@advent
","email_address":"jon16@adventure-works.com","city":"Versailles","state_code":"78","country_code":"FR"},{"customer_id":4675,"first_name":"Tommy","last_name":"Raheem","email_address":"tommy14@adventure-works.com","city":"Erlangen","state_code":"BY","countr
":"Offenbach","state_code":"SL","country_code":"DE"},{"customer_id":4687,"first_name":"Pedro","last_name":"Vazquez","email_address":"pedro35@adventure-works.com","city":"London","state_code":"ENG","country_code":"GB"},{"customer_id":4688,"first_name":"Jay"
code":"DE"},{"customer_id":4699,"first_name":"Susan","last_name":"Wang","email_address":"susan11@adventure-works.com","city":"Werne","state_code":"NW","country_code":"DE"},{"customer_id":4700,"first_name":"Jonathon","last_name":"Hernandez","email_address":
andy","last_name":"Rana","email_address":"brandy7@adventure-works.com","city":"Villeneuve-d'Ascq","state_code":"59","country_code":"FR"},{"customer_id":4712,"first_name":"Jeffery","last_name":"Liang","email_address":"jeffery16@adventure-works.com","city":"
name":"Jenkins","email_address":"angela9@adventure-works.com","city":"Bendigo","state_code":"VIC","country_code":"AU"},{"customer_id":4724,"first_name":"Kate","last_name":"Deng","email_address":"kate1@adventure-works.com","city":"North Ryde","state_code":"
ess":"alicia6@adventure-works.com","city":"Wollongong","state_code":"NSW","country_code":"AU"},{"customer_id":4736,"first_name":"Lori","last_name":"Blanco","email_address":"lori16@adventure-works.com","city":"Darlinghurst","state_code":"NSW","country_code"
ss":"emily23@adventure-works.com","city":"Lynnwood","state_code":"WA","country_code":"US"},{"customer_id":4748,"first_name":"Evan","last_name":"Nelson","email_address":"evan34@adventure-works.com","city":"Chula Vista","state_code":"CA","country_code":"US"}
venture-works.com","city":"South Melbourne","state_code":"VIC","country_code":"AU"},{"customer_id":4760,"first_name":"Erin","last_name":"Brooks","email_address":"erin5@adventure-works.com","city":"Beaverton","state_code":"OR","country_code":"US"},{"custome
-works.com","city":"Spring Valley","state_code":"CA","country_code":"US"},{"customer_id":4772,"first_name":"Maria","last_name":"Diaz","email_address":"maria43@adventure-works.com","city":"Lebanon","state_code":"OR","country_code":"US"},{"customer_id":4773,
e-works.com","city":"Yakima","state_code":"WA","country_code":"US"},{"customer_id":4784,"first_name":"David","last_name":"Alexander","email_address":"david52@adventure-works.com","city":"Hobart","state_code":"TAS","country_code":"AU"},{"customer_id":4785,"
mpton","state_code":"QLD","country_code":"AU"},{"customer_id":4796,"first_name":"Diane","last_name":"Munoz","email_address":"diane12@adventure-works.com","city":"Springwood","state_code":"NSW","country_code":"AU"},{"customer_id":4797,"first_name":"Edward",
NSW","country_code":"AU"},{"customer_id":4808,"first_name":"Scot","last_name":"Schulte","email_address":"scot1@adventure-works.com","city":"Matraville","state_code":"NSW","country_code":"AU"},{"customer_id":4809,"first_name":"Natasha","last_name":"Blanco",
":"WA","country_code":"US"},{"customer_id":4820,"first_name":"Savannah","last_name":"Cox","email_address":"savannah9@adventure-works.com","city":"Puyallup","state_code":"WA","country_code":"US"},{"customer_id":4821,"first_name":"Chase","last_name":"Ward","
832,"first_name":"Omar","last_name":"He","email_address":"omar17@adventure-works.com","city":"North Sydney","state_code":"NSW","country_code":"AU"},{"customer_id":4833,"first_name":"Manuel","last_name":"Martinez","email_address":"manuel16@adventure-works.c
"Caleb","last_name":"Wright","email_address":"caleb48@adventure-works.com","city":"Yakima","state_code":"WA","country_code":"US"},{"customer_id":4845,"first_name":"Megan","last_name":"Brown","email_address":"megan7@adventure-works.com","city":"Grossmont","
_name":"Jones","email_address":"noah60@adventure-works.com","city":"Santa Cruz","state_code":"CA","country_code":"US"},{"customer_id":4857,"first_name":"Luis","last_name":"Gonzales","email_address":"luis16@adventure-works.com","city":"Langford","state_code
address":"victoria14@adventure-works.com","city":"Puyallup","state_code":"WA","country_code":"US"},{"customer_id":4869,"first_name":"Caleb","last_name":"Lal","email_address":"caleb25@adventure-works.com","city":"Sooke","state_code":"BC","country_code":"CA"
orks.com","city":"Sooke","state_code":"BC","country_code":"CA"},{"customer_id":4881,"first_name":"Patrick","last_name":"Bailey","email_address":"patrick21@adventure-works.com","city":"Spokane","state_code":"WA","country_code":"US"},{"customer_id":4882,"fir
:"La Jolla","state_code":"CA","country_code":"US"},{"customer_id":4893,"first_name":"Pamela","last_name":"Srini","email_address":"pamela11@adventure-works.com","city":"Ballard","state_code":"WA","country_code":"US"},{"customer_id":4894,"first_name":"Yoland
"country_code":"US"},{"customer_id":4905,"first_name":"Janice","last_name":"Bennett","email_address":"janice4@adventure-works.com","city":"Chula Vista","state_code":"CA","country_code":"US"},{"customer_id":4906,"first_name":"Taylor","last_name":"Taylor","e
"first_name":"Brandon","last_name":"Walker","email_address":"brandon53@adventure-works.com","city":"Royal Oak","state_code":"BC","country_code":"CA"},{"customer_id":4918,"first_name":"Emily","last_name":"White","email_address":"emily13@adventure-works.com"
ess":"priscilla10@adventure-works.com","city":"Neunkirchen","state_code":"SL","country_code":"DE"},{"customer_id":4930,"first_name":"Karla","last_name":"Raji","email_address":"karla22@adventure-works.com","city":"Maidenhead","state_code":"ENG","country_cod
ack18@adventure-works.com","city":"Woodburn","state_code":"OR","country_code":"US"},{"customer_id":4942,"first_name":"Bailey","last_name":"Brooks","email_address":"bailey0@adventure-works.com","city":"Fremont","state_code":"CA","country_code":"US"},{"custo
,"city":"Sedro Woolley","state_code":"WA","country_code":"US"},{"customer_id":4954,"first_name":"Julio","last_name":"Moreno","email_address":"julio6@adventure-works.com","city":"Bellflower","state_code":"CA","country_code":"US"},{"customer_id":4955,"first_
e":"CA","country_code":"US"},{"customer_id":4966,"first_name":"Jennifer","last_name":"Watson","email_address":"jennifer71@adventure-works.com","city":"San Gabriel","state_code":"CA","country_code":"US"},{"customer_id":4967,"first_name":"Natalie","last_name
,"state_code":"WA","country_code":"US"},{"customer_id":4978,"first_name":"Julia","last_name":"Harris","email_address":"julia35@adventure-works.com","city":"Burien","state_code":"WA","country_code":"US"},{"customer_id":4979,"first_name":"Xavier","last_name"
country_code":"US"},{"customer_id":4990,"first_name":"Savannah","last_name":"Campbell","email_address":"savannah29@adventure-works.com","city":"Burlingame","state_code":"CA","country_code":"US"},{"customer_id":4991,"first_name":"Eduardo","last_name":"Richa
C","country_code":"CA"},{"customer_id":5002,"first_name":"Ricardo","last_name":"Pal","email_address":"ricardo12@adventure-works.com","city":"Burbank","state_code":"CA","country_code":"US"},{"customer_id":5003,"first_name":"Paige","last_name":"Hayes","email
omer_id":5014,"first_name":"Xavier","last_name":"Williams","email_address":"xavier2@adventure-works.com","city":"Beaverton","state_code":"OR","country_code":"US"},{"customer_id":5015,"first_name":"Christopher","last_name":"Wilson","email_address":"christop
irst_name":"Jorge","last_name":"Sun","email_address":"jorge15@adventure-works.com","city":"Lavender Bay","state_code":"NSW","country_code":"AU"},{"customer_id":5027,"first_name":"Byron","last_name":"Jim?nez","email_address":"byron4@adventure-works.com","ci
lly","email_address":"melissa25@adventure-works.com","city":"Werne","state_code":"NW","country_code":"DE"},{"customer_id":5039,"first_name":"Roy","last_name":"Sai","email_address":"roy6@adventure-works.com","city":"Leeds","state_code":"ENG","country_code":
nbroich","state_code":"BY","country_code":"DE"},{"customer_id":5051,"first_name":"Reginald","last_name":"Moreno","email_address":"reginald13@adventure-works.com","city":"Warrington","state_code":"ENG","country_code":"GB"},{"customer_id":5052,"first_name":"
":"CA","country_code":"US"},{"customer_id":5063,"first_name":"Katherine","last_name":"Johnson","email_address":"katherine72@adventure-works.com","city":"Tacoma","state_code":"WA","country_code":"US"},{"customer_id":5064,"first_name":"Francisco","last_name"
"country_code":"US"},{"customer_id":5075,"first_name":"Caleb","last_name":"Roberts","email_address":"caleb33@adventure-works.com","city":"Puyallup","state_code":"WA","country_code":"US"},{"customer_id":5076,"first_name":"Alexis","last_name":"Johnson","emai
:"CA"},{"customer_id":5087,"first_name":"Charles","last_name":"Watson","email_address":"charles47@adventure-works.com","city":"Bellflower","state_code":"CA","country_code":"US"},{"customer_id":5088,"first_name":"Micah","last_name":"Chen","email_address":"m
me":"Jasmine","last_name":"Diaz","email_address":"jasmine61@adventure-works.com","city":"Victoria","state_code":"BC","country_code":"CA"},{"customer_id":5100,"first_name":"Julian","last_name":"Jenkins","email_address":"julian8@adventure-works.com","city":"
s":"brandon7@adventure-works.com","city":"Victoria","state_code":"BC","country_code":"CA"},{"customer_id":5112,"first_name":"Allison","last_name":"Green","email_address":"allison37@adventure-works.com","city":"Lake Oswego","state_code":"OR","country_code":
","city":"Beverly Hills","state_code":"CA","country_code":"US"},{"customer_id":5124,"first_name":"Natalie","last_name":"Patterson","email_address":"natalie33@adventure-works.com","city":"Haney","state_code":"BC","country_code":"CA"},{"customer_id":5125,"fi
n","state_code":"OR","country_code":"US"},{"customer_id":5136,"first_name":"Chelsea","last_name":"Raman","email_address":"chelsea13@adventure-works.com","city":"Beaverton","state_code":"OR","country_code":"US"},{"customer_id":5137,"first_name":"George","la
code":"WA","country_code":"US"},{"customer_id":5148,"first_name":"Nathan","last_name":"Griffin","email_address":"nathan17@adventure-works.com","city":"Lemon Grove","state_code":"CA","country_code":"US"},{"customer_id":5149,"first_name":"Karen","last_name":
code":"AU"},{"customer_id":5160,"first_name":"Mindy","last_name":"Goldberg","email_address":"mindy24@adventure-works.com","city":"Cloverdale","state_code":"SA","country_code":"AU"},{"customer_id":5161,"first_name":"Erika","last_name":"Hernandez","email_add
t_name":"Bruce","last_name":"Ruiz","email_address":"bruce24@adventure-works.com","city":"Seaford","state_code":"VIC","country_code":"AU"},{"customer_id":5173,"first_name":"Janelle","last_name":"Perez","email_address":"janelle18@adventure-works.com","city":
mail_address":"tanya15@adventure-works.com","city":"St. Leonards","state_code":"NSW","country_code":"AU"},{"customer_id":5185,"first_name":"Christine","last_name":"She","email_address":"christine0@adventure-works.com","city":"Brisbane","state_code":"QLD","
works.com","city":"Pantin","state_code":"93","country_code":"FR"},{"customer_id":5197,"first_name":"Kurt","last_name":"Raheem","email_address":"kurt18@adventure-works.com","city":"Frankfurt am Main","state_code":"HH","country_code":"DE"},{"customer_id":519
Y","country_code":"DE"},{"customer_id":5209,"first_name":"Ruth","last_name":"Chandra","email_address":"ruth7@adventure-works.com","city":"Saarbr?cken","state_code":"SL","country_code":"DE"},{"customer_id":5210,"first_name":"Carolyn","last_name":"Alvarez","
ntry_code":"CA"},{"customer_id":5221,"first_name":"Megan","last_name":"Russell","email_address":"megan67@adventure-works.com","city":"Vancouver","state_code":"BC","country_code":"CA"},{"customer_id":5222,"first_name":"Darren","last_name":"Saunders","email_
d":5233,"first_name":"Chase","last_name":"Richardson","email_address":"chase9@adventure-works.com","city":"Kirkland","state_code":"WA","country_code":"US"},{"customer_id":5234,"first_name":"Rebecca","last_name":"King","email_address":"rebecca20@adventure-w
rst_name":"Gregory","last_name":"Kumar","email_address":"gregory12@adventure-works.com","city":"Bellflower","state_code":"CA","country_code":"US"},{"customer_id":5246,"first_name":"Alexandra","last_name":"Griffin","email_address":"alexandra42@adventure-wor
e":"Richard","last_name":"Collins","email_address":"richard39@adventure-works.com","city":"Leeds","state_code":"ENG","country_code":"GB"},{"customer_id":5258,"first_name":"Michele","last_name":"Chandra","email_address":"michele57@adventure-works.com","city
Kumar","email_address":"lindsey8@adventure-works.com","city":"Roissy en Brie","state_code":"77","country_code":"FR"},{"customer_id":5270,"first_name":"Tara","last_name":"Nath","email_address":"tara19@adventure-works.com","city":"Berlin","state_code":"SL","
dventure-works.com","city":"M?nster","state_code":"SL","country_code":"DE"},{"customer_id":5282,"first_name":"Gilbert","last_name":"Luo","email_address":"gilbert27@adventure-works.com","city":"Paris","state_code":"75","country_code":"FR"},{"customer_id":52
:"DE"},{"customer_id":5294,"first_name":"Sean","last_name":"Adams","email_address":"sean47@adventure-works.com","city":"Gateshead","state_code":"ENG","country_code":"GB"},{"customer_id":5295,"first_name":"Steve","last_name":"Hu","email_address":"steve23@ad
ey","last_name":"Gonzalez","email_address":"stanley20@adventure-works.com","city":"Ingolstadt","state_code":"BY","country_code":"DE"},{"customer_id":5307,"first_name":"Kristine","last_name":"Romero","email_address":"kristine10@adventure-works.com","city":"
an","email_address":"joel11@adventure-works.com","city":"Oxford","state_code":"ENG","country_code":"GB"},{"customer_id":5319,"first_name":"Kellie","last_name":"Moreno","email_address":"kellie5@adventure-works.com","city":"Warrington","state_code":"ENG","co
-works.com","city":"London","state_code":"ENG","country_code":"GB"},{"customer_id":5331,"first_name":"Luke","last_name":"Simmons","email_address":"luke4@adventure-works.com","city":"Chatou","state_code":"78","country_code":"FR"},{"customer_id":5332,"first_
de":"QLD","country_code":"AU"},{"customer_id":5343,"first_name":"Gregory","last_name":"Jai","email_address":"gregory14@adventure-works.com","city":"Cranbourne","state_code":"VIC","country_code":"AU"},{"customer_id":5344,"first_name":"Joel","last_name":"Mal
,{"customer_id":5355,"first_name":"Janet","last_name":"Torres","email_address":"janet30@adventure-works.com","city":"Marysville","state_code":"WA","country_code":"US"},{"customer_id":5356,"first_name":"Sam","last_name":"Foster","email_address":"sam2@advent
name":"Isabelle","last_name":"Henderson","email_address":"isabelle5@adventure-works.com","city":"Cliffside","state_code":"BC","country_code":"CA"},{"customer_id":5368,"first_name":"Emily","last_name":"Williams","email_address":"emily2@adventure-works.com",
iley","last_name":"Baker","email_address":"hailey56@adventure-works.com","city":"Woodburn","state_code":"OR","country_code":"US"},{"customer_id":5380,"first_name":"Marc","last_name":"Jimenez","email_address":"marc9@adventure-works.com","city":"Colma","stat
.com","city":"Offenbach","state_code":"SL","country_code":"DE"},{"customer_id":5392,"first_name":"Sergio","last_name":"Suri","email_address":"sergio0@adventure-works.com","city":"Verrieres Le Buisson","state_code":"91","country_code":"FR"},{"customer_id":5
:"ENG","country_code":"GB"},{"customer_id":5404,"first_name":"Byron","last_name":"Suarez","email_address":"byron13@adventure-works.com","city":"Paris La Defense","state_code":"92","country_code":"FR"},{"customer_id":5405,"first_name":"Raul","last_name":"Na
6,"first_name":"Andre","last_name":"Patel","email_address":"andre3@adventure-works.com","city":"Tremblay-en-France","state_code":"93","country_code":"FR"},{"customer_id":5417,"first_name":"Brian","last_name":"Rivera","email_address":"brian28@adventure-work
_address":"kendra8@adventure-works.com","city":"Watford","state_code":"ENG","country_code":"GB"},{"customer_id":5429,"first_name":"Ryan","last_name":"Ross","email_address":"ryan6@adventure-works.com","city":"Bury","state_code":"ENG","country_code":"GB"},{"
city":"Paris","state_code":"75","country_code":"FR"},{"customer_id":5441,"first_name":"Jimmy","last_name":"Martin","email_address":"jimmy2@adventure-works.com","city":"Paris","state_code":"75","country_code":"FR"},{"customer_id":5442,"first_name":"Jason","
"},{"customer_id":5453,"first_name":"Cassie","last_name":"Luo","email_address":"cassie4@adventure-works.com","city":"Birmingham","state_code":"ENG","country_code":"GB"},{"customer_id":5454,"first_name":"Mayra","last_name":"Chandra","email_address":"mayra1@
,"last_name":"Liu","email_address":"alan8@adventure-works.com","city":"Milton Keynes","state_code":"ENG","country_code":"GB"},{"customer_id":5466,"first_name":"Kara","last_name":"Goel","email_address":"kara17@adventure-works.com","city":"Billericay","state
e-works.com","city":"Paris","state_code":"75","country_code":"FR"},{"customer_id":5478,"first_name":"Anna","last_name":"Gonzales","email_address":"anna42@adventure-works.com","city":"Bremerton","state_code":"WA","country_code":"US"},{"customer_id":5479,"fi
_code":"TAS","country_code":"AU"},{"customer_id":5490,"first_name":"Frederick","last_name":"Garcia","email_address":"frederick13@adventure-works.com","city":"Lane Cove","state_code":"NSW","country_code":"AU"},{"customer_id":5491,"first_name":"Megan","last_
code":"WA","country_code":"US"},{"customer_id":5502,"first_name":"Vanessa","last_name":"Wood","email_address":"vanessa2@adventure-works.com","city":"Seattle","state_code":"WA","country_code":"US"},{"customer_id":5503,"first_name":"Jackson","last_name":"Par
":5514,"first_name":"Ronnie","last_name":"Wagner","email_address":"ronnie1@adventure-works.com","city":"Lieusaint","state_code":"77","country_code":"FR"},{"customer_id":5515,"first_name":"Manuel","last_name":"Fernandez","email_address":"manuel14@adventure-
_name":"Liang","email_address":"martha16@adventure-works.com","city":"Goulburn","state_code":"NSW","country_code":"AU"},{"customer_id":5527,"first_name":"Arthur","last_name":"Perez","email_address":"arthur22@adventure-works.com","city":"Sunbury","state_cod
:"arthur37@adventure-works.com","city":"Saarbr?cken","state_code":"SL","country_code":"DE"},{"customer_id":5539,"first_name":"Stacey","last_name":"Liang","email_address":"stacey18@adventure-works.com","city":"Frankfurt am Main","state_code":"HH","country_c
adventure-works.com","city":"Berlin","state_code":"HE","country_code":"DE"},{"customer_id":5551,"first_name":"Frederick","last_name":"Madan","email_address":"frederick6@adventure-works.com","city":"West Sussex","state_code":"ENG","country_code":"GB"},{"cus
ity":"Leeds","state_code":"ENG","country_code":"GB"},{"customer_id":5563,"first_name":"Colleen","last_name":"Zhang","email_address":"colleen0@adventure-works.com","city":"Oxford","state_code":"ENG","country_code":"GB"},{"customer_id":5564,"first_name":"Mac
e":"ENG","country_code":"GB"},{"customer_id":5575,"first_name":"Joe","last_name":"Gomez","email_address":"joe25@adventure-works.com","city":"Bracknell","state_code":"ENG","country_code":"GB"},{"customer_id":5576,"first_name":"Veronica","last_name":"Vance",
r_id":5587,"first_name":"Leonard","last_name":"Chander","email_address":"leonard17@adventure-works.com","city":"Versailles","state_code":"78","country_code":"FR"},{"customer_id":5588,"first_name":"Zachary","last_name":"Martinez","email_address":"zachary48@
DE"},{"customer_id":5599,"first_name":"Kate","last_name":"Rai","email_address":"kate14@adventure-works.com","city":"Bury","state_code":"ENG","country_code":"GB"},{"customer_id":5600,"first_name":"Ram?n","last_name":"Cai","email_address":"ram?n19@adventure-
e":"Clark","email_address":"sydney81@adventure-works.com","city":"Coffs Harbour","state_code":"NSW","country_code":"AU"},{"customer_id":5612,"first_name":"Dylan","last_name":"Rodriguez","email_address":"dylan50@adventure-works.com","city":"Port Macquarie",
mail_address":"byron6@adventure-works.com","city":"Newcastle","state_code":"NSW","country_code":"AU"},{"customer_id":5624,"first_name":"Andres","last_name":"Lal","email_address":"andres5@adventure-works.com","city":"Port Macquarie","state_code":"NSW","coun
venture-works.com","city":"Bendigo","state_code":"VIC","country_code":"AU"},{"customer_id":5636,"first_name":"Erick","last_name":"Suri","email_address":"erick0@adventure-works.com","city":"Coffs Harbour","state_code":"NSW","country_code":"AU"},{"customer_i
city":"Oak Bay","state_code":"BC","country_code":"CA"},{"customer_id":5648,"first_name":"Anna","last_name":"Alexander","email_address":"anna44@adventure-works.com","city":"Daly City","state_code":"CA","country_code":"US"},{"customer_id":5649,"first_name":"
longong","state_code":"NSW","country_code":"AU"},{"customer_id":5660,"first_name":"Emily","last_name":"Jones","email_address":"emily3@adventure-works.com","city":"Goulburn","state_code":"NSW","country_code":"AU"},{"customer_id":5661,"first_name":"Lee","las
"customer_id":5672,"first_name":"Megan","last_name":"Wood","email_address":"megan52@adventure-works.com","city":"W. Linn","state_code":"OR","country_code":"US"},{"customer_id":5673,"first_name":"Nicole","last_name":"Martinez","email_address":"nicole17@adve
"first_name":"Christy","last_name":"Rai","email_address":"christy35@adventure-works.com","city":"Rockhampton","state_code":"QLD","country_code":"AU"},{"customer_id":5685,"first_name":"Joel","last_name":"Perez","email_address":"joel20@adventure-works.com","
"last_name":"Serrano","email_address":"dwayne15@adventure-works.com","city":"Wollongong","state_code":"NSW","country_code":"AU"},{"customer_id":5697,"first_name":"Claudia","last_name":"Zeng","email_address":"claudia19@adventure-works.com","city":"Gold Coas
","last_name":"Serrano","email_address":"derrick15@adventure-works.com","city":"Hervey Bay","state_code":"QLD","country_code":"AU"},{"customer_id":5709,"first_name":"Kellie","last_name":"Sanz","email_address":"kellie17@adventure-works.com","city":"Lavender
":"Russell","email_address":"trevor20@adventure-works.com","city":"Burlingame","state_code":"CA","country_code":"US"},{"customer_id":5721,"first_name":"Morgan","last_name":"Perry","email_address":"morgan77@adventure-works.com","city":"Burbank","state_code"
13@adventure-works.com","city":"Newton","state_code":"BC","country_code":"CA"},{"customer_id":5733,"first_name":"Natalie","last_name":"Flores","email_address":"natalie35@adventure-works.com","city":"Port Orchard","state_code":"WA","country_code":"US"},{"cu
fs Harbour","state_code":"NSW","country_code":"AU"},{"customer_id":5745,"first_name":"Lacey","last_name":"Guo","email_address":"lacey30@adventure-works.com","city":"North Ryde","state_code":"NSW","country_code":"AU"},{"customer_id":5746,"first_name":"Krist
_code":"WA","country_code":"US"},{"customer_id":5757,"first_name":"Richard","last_name":"Allen","email_address":"richard18@adventure-works.com","city":"Spokane","state_code":"WA","country_code":"US"},{"customer_id":5758,"first_name":"Mackenzie","last_name"
,{"customer_id":5769,"first_name":"Eduardo","last_name":"Barnes","email_address":"eduardo47@adventure-works.com","city":"Concord","state_code":"CA","country_code":"US"},{"customer_id":5770,"first_name":"Tyler","last_name":"Walker","email_address":"tyler23@
"last_name":"Bailey","email_address":"carlos18@adventure-works.com","city":"Puyallup","state_code":"WA","country_code":"US"},{"customer_id":5782,"first_name":"Dylan","last_name":"Chen","email_address":"dylan25@adventure-works.com","city":"El Cajon","state_
ria16@adventure-works.com","city":"Long Beach","state_code":"CA","country_code":"US"},{"customer_id":5794,"first_name":"Savannah","last_name":"Hernandez","email_address":"savannah41@adventure-works.com","city":"Santa Cruz","state_code":"CA","country_code":
enture-works.com","city":"W. Linn","state_code":"OR","country_code":"US"},{"customer_id":5806,"first_name":"Fernando","last_name":"Allen","email_address":"fernando23@adventure-works.com","city":"W. Linn","state_code":"OR","country_code":"US"},{"customer_id
om","city":"Redwood City","state_code":"CA","country_code":"US"},{"customer_id":5818,"first_name":"Evan","last_name":"Peterson","email_address":"evan5@adventure-works.com","city":"San Diego","state_code":"CA","country_code":"US"},{"customer_id":5819,"first
tate_code":"ENG","country_code":"GB"},{"customer_id":5830,"first_name":"Wayne","last_name":"Lal","email_address":"wayne10@adventure-works.com","city":"Runcorn","state_code":"ENG","country_code":"GB"},{"customer_id":5831,"first_name":"Alexandra","last_name"
":"BC","country_code":"CA"},{"customer_id":5842,"first_name":"James","last_name":"Turner","email_address":"james54@adventure-works.com","city":"Westminster","state_code":"BC","country_code":"CA"},{"customer_id":5843,"first_name":"Jenny","last_name":"Yang",
":5854,"first_name":"Christina","last_name":"Bailey","email_address":"christina14@adventure-works.com","city":"Colma","state_code":"CA","country_code":"US"},{"customer_id":5855,"first_name":"Seth","last_name":"Adams","email_address":"seth33@adventure-works
e":"Diaz","email_address":"jordyn20@adventure-works.com","city":"Coronado","state_code":"CA","country_code":"US"},{"customer_id":5867,"first_name":"Alexandra","last_name":"Parker","email_address":"alexandra50@adventure-works.com","city":"Grossmont","state_
,"email_address":"katelyn39@adventure-works.com","city":"Ballard","state_code":"WA","country_code":"US"},{"customer_id":5879,"first_name":"Devin","last_name":"Young","email_address":"devin23@adventure-works.com","city":"Corvallis","state_code":"OR","countr
.com","city":"Torrance","state_code":"CA","country_code":"US"},{"customer_id":5891,"first_name":"Timothy","last_name":"Reed","email_address":"timothy22@adventure-works.com","city":"Puyallup","state_code":"WA","country_code":"US"},{"customer_id":5892,"first
ncord","state_code":"CA","country_code":"US"},{"customer_id":5903,"first_name":"Shawn","last_name":"She","email_address":"shawn2@adventure-works.com","city":"Burnaby","state_code":"BC","country_code":"CA"},{"customer_id":5904,"first_name":"Ian","last_name"
:"US"},{"customer_id":5915,"first_name":"Alexandra","last_name":"Campbell","email_address":"alexandra49@adventure-works.com","city":"Puyallup","state_code":"WA","country_code":"US"},{"customer_id":5916,"first_name":"Mason","last_name":"Phillips","email_add
,{"customer_id":5927,"first_name":"Rodney","last_name":"Sanz","email_address":"rodney14@adventure-works.com","city":"Hawthorne","state_code":"QLD","country_code":"AU"},{"customer_id":5928,"first_name":"Rebekah","last_name":"Gonzalez","email_address":"rebek
9,"first_name":"Abigail","last_name":"Williams","email_address":"abigail49@adventure-works.com","city":"Newcastle upon Tyne","state_code":"ENG","country_code":"GB"},{"customer_id":5940,"first_name":"Bailey","last_name":"Evans","email_address":"bailey21@adv
me":"Connor","last_name":"Edwards","email_address":"connor30@adventure-works.com","city":"Metchosin","state_code":"BC","country_code":"CA"},{"customer_id":5952,"first_name":"Cassidy","last_name":"Bennett","email_address":"cassidy1@adventure-works.com","cit
_address":"zachary4@adventure-works.com","city":"Fremont","state_code":"CA","country_code":"US"},{"customer_id":5964,"first_name":"Faith","last_name":"Hughes","email_address":"faith10@adventure-works.com","city":"Mill Valley","state_code":"CA","country_cod
":"paige41@adventure-works.com","city":"Burien","state_code":"WA","country_code":"US"},{"customer_id":5976,"first_name":"Benjamin","last_name":"Lee","email_address":"benjamin37@adventure-works.com","city":"Salem","state_code":"OR","country_code":"US"},{"cu
:"Milwaukie","state_code":"OR","country_code":"US"},{"customer_id":5988,"first_name":"Miguel","last_name":"Clark","email_address":"miguel19@adventure-works.com","city":"Port Hammond","state_code":"BC","country_code":"CA"},{"customer_id":5989,"first_name":"
"state_code":"WA","country_code":"US"},{"customer_id":6000,"first_name":"Chloe","last_name":"Kelly","email_address":"chloe64@adventure-works.com","city":"West Covina","state_code":"CA","country_code":"US"},{"customer_id":6001,"first_name":"Miranda","last_n
an Gabriel","state_code":"CA","country_code":"US"},{"customer_id":6012,"first_name":"Sara","last_name":"Hill","email_address":"sara39@adventure-works.com","city":"Spring Valley","state_code":"CA","country_code":"US"},{"customer_id":6013,"first_name":"Joan"
":"CA","country_code":"US"},{"customer_id":6024,"first_name":"Jeremiah","last_name":"Harris","email_address":"jeremiah5@adventure-works.com","city":"Victoria","state_code":"BC","country_code":"CA"},{"customer_id":6025,"first_name":"Jacqueline","last_name":
ode":"CA"},{"customer_id":6036,"first_name":"Jordan","last_name":"Flores","email_address":"jordan9@adventure-works.com","city":"Yakima","state_code":"WA","country_code":"US"},{"customer_id":6037,"first_name":"Savannah","last_name":"Perez","email_address":"
:"Kendra","last_name":"Rubio","email_address":"kendra21@adventure-works.com","city":"Caloundra","state_code":"QLD","country_code":"AU"},{"customer_id":6049,"first_name":"Natasha","last_name":"Gutierrez","email_address":"natasha10@adventure-works.com","city
ouis","last_name":"Chen","email_address":"louis40@adventure-works.com","city":"Port Macquarie","state_code":"NSW","country_code":"AU"},{"customer_id":6061,"first_name":"Gerald","last_name":"Sanz","email_address":"gerald27@adventure-works.com","city":"Brisb
":"Tammy","last_name":"Raji","email_address":"tammy22@adventure-works.com","city":"North Sydney","state_code":"NSW","country_code":"AU"},{"customer_id":6073,"first_name":"Kaitlin","last_name":"Kapoor","email_address":"kaitlin1@adventure-works.com","city":"
t_name":"Raje","email_address":"priscilla12@adventure-works.com","city":"Paderborn","state_code":"HH","country_code":"DE"},{"customer_id":6085,"first_name":"Byron","last_name":"Serrano","email_address":"byron10@adventure-works.com","city":"Lille","state_co
works.com","city":"Versailles","state_code":"78","country_code":"FR"},{"customer_id":6097,"first_name":"Samantha","last_name":"Bennett","email_address":"samantha26@adventure-works.com","city":"Hof","state_code":"BY","country_code":"DE"},{"customer_id":6098
Werne","state_code":"NW","country_code":"DE"},{"customer_id":6109,"first_name":"Susan","last_name":"Xu","email_address":"susan22@adventure-works.com","city":"Verrieres Le Buisson","state_code":"91","country_code":"FR"},{"customer_id":6110,"first_name":"Syd
,"country_code":"CA"},{"customer_id":6121,"first_name":"Michele","last_name":"Raje","email_address":"michele14@adventure-works.com","city":"Clay","state_code":"NY","country_code":"US"},{"customer_id":6122,"first_name":"Lucas","last_name":"Bryant","email_ad
S"},{"customer_id":6133,"first_name":"Isabella","last_name":"James","email_address":"isabella6@adventure-works.com","city":"Tacoma","state_code":"WA","country_code":"US"},{"customer_id":6134,"first_name":"Lucas","last_name":"Kelly","email_address":"lucas73
uis","last_name":"Griffin","email_address":"luis20@adventure-works.com","city":"Burien","state_code":"WA","country_code":"US"},{"customer_id":6146,"first_name":"Sarah","last_name":"Bennett","email_address":"sarah26@adventure-works.com","city":"Concord","st
mail_address":"hailey37@adventure-works.com","city":"Novato","state_code":"CA","country_code":"US"},{"customer_id":6158,"first_name":"Wyatt","last_name":"Johnson","email_address":"wyatt1@adventure-works.com","city":"Woodland Hills","state_code":"CA","count
enture-works.com","city":"Port Orchard","state_code":"WA","country_code":"US"},{"customer_id":6170,"first_name":"Emily","last_name":"Taylor","email_address":"emily9@adventure-works.com","city":"Burlingame","state_code":"CA","country_code":"US"},{"customer_
ks.com","city":"Issaquah","state_code":"WA","country_code":"US"},{"customer_id":6182,"first_name":"Jenny","last_name":"Lal","email_address":"jenny32@adventure-works.com","city":"Stuttgart","state_code":"SL","country_code":"DE"},{"customer_id":6183,"first_n
_code":"ENG","country_code":"GB"},{"customer_id":6194,"first_name":"Haley","last_name":"Brooks","email_address":"haley17@adventure-works.com","city":"Peterborough","state_code":"ENG","country_code":"GB"},{"customer_id":6195,"first_name":"Wyatt","last_name"
NG","country_code":"GB"},{"customer_id":6206,"first_name":"Lisa","last_name":"Wang","email_address":"lisa4@adventure-works.com","city":"Wokingham","state_code":"ENG","country_code":"GB"},{"customer_id":6207,"first_name":"Spencer","last_name":"Gonzales","em
ustomer_id":6218,"first_name":"Raquel","last_name":"Gill","email_address":"raquel10@adventure-works.com","city":"Berlin","state_code":"HH","country_code":"DE"},{"customer_id":6219,"first_name":"Craig","last_name":"Carlson","email_address":"craig17@adventur
first_name":"Maria","last_name":"Watson","email_address":"maria19@adventure-works.com","city":"Townsville","state_code":"QLD","country_code":"AU"},{"customer_id":6231,"first_name":"Lance","last_name":"Suarez","email_address":"lance19@adventure-works.com","
Omar","last_name":"Chander","email_address":"omar36@adventure-works.com","city":"Rockhampton","state_code":"QLD","country_code":"AU"},{"customer_id":6243,"first_name":"Dale","last_name":"Chande","email_address":"dale12@adventure-works.com","city":"Townsvil
ess":"roy0@adventure-works.com","city":"Port Macquarie","state_code":"NSW","country_code":"AU"},{"customer_id":6255,"first_name":"Margaret","last_name":"Liang","email_address":"margaret23@adventure-works.com","city":"North Ryde","state_code":"NSW","country
y":"Imperial Beach","state_code":"CA","country_code":"US"},{"customer_id":6267,"first_name":"Elijah","last_name":"Hall","email_address":"elijah48@adventure-works.com","city":"Sedro Woolley","state_code":"WA","country_code":"US"},{"customer_id":6268,"first_
:"NSW","country_code":"AU"},{"customer_id":6279,"first_name":"Isabella","last_name":"Price","email_address":"isabella11@adventure-works.com","city":"Port Macquarie","state_code":"NSW","country_code":"AU"},{"customer_id":6280,"first_name":"Tanya","last_name
te_code":"TAS","country_code":"AU"},{"customer_id":6291,"first_name":"Jenny","last_name":"Becker","email_address":"jenny43@adventure-works.com","city":"Hawthorne","state_code":"QLD","country_code":"AU"},{"customer_id":6292,"first_name":"Jorge","last_name":
_code":"AU"},{"customer_id":6303,"first_name":"Ruth","last_name":"Vance","email_address":"ruth8@adventure-works.com","city":"Springwood","state_code":"NSW","country_code":"AU"},{"customer_id":6304,"first_name":"Terrence","last_name":"Tang","email_address":
stomer_id":6315,"first_name":"Lisa","last_name":"Guo","email_address":"lisa21@adventure-works.com","city":"Wollongong","state_code":"NSW","country_code":"AU"},{"customer_id":6316,"first_name":"Carolyn","last_name":"Munoz","email_address":"carolyn28@adventu
e":"Paul","last_name":"Shakespear","email_address":"paul4@adventure-works.com","city":"Caloundra","state_code":"QLD","country_code":"AU"},{"customer_id":6328,"first_name":"Jamie","last_name":"Zhou","email_address":"jamie11@adventure-works.com","city":"Clov
:"Jordyn","last_name":"Long","email_address":"jordyn9@adventure-works.com","city":"Royal Oak","state_code":"BC","country_code":"CA"},{"customer_id":6340,"first_name":"Ian","last_name":"Hayes","email_address":"ian63@adventure-works.com","city":"Beaverton","
":"ebony34@adventure-works.com","city":"Rhodes","state_code":"NSW","country_code":"AU"},{"customer_id":6352,"first_name":"Terrence","last_name":"Sharma","email_address":"terrence9@adventure-works.com","city":"Geelong","state_code":"VIC","country_code":"AU"
y":"Olympia","state_code":"WA","country_code":"US"},{"customer_id":6364,"first_name":"Benjamin","last_name":"Harris","email_address":"benjamin50@adventure-works.com","city":"Imperial Beach","state_code":"CA","country_code":"US"},{"customer_id":6365,"first_
"country_code":"CA"},{"customer_id":6376,"first_name":"Sheila","last_name":"Gill","email_address":"sheila13@adventure-works.com","city":"Matraville","state_code":"NSW","country_code":"AU"},{"customer_id":6377,"first_name":"Jaclyn","last_name":"She","email_
stomer_id":6388,"first_name":"Aidan","last_name":"Alexander","email_address":"aidan20@adventure-works.com","city":"Metchosin","state_code":"BC","country_code":"CA"},{"customer_id":6389,"first_name":"Garrett","last_name":"Ramirez","email_address":"garrett12
omer_id":6400,"first_name":"Ian","last_name":"Sanchez","email_address":"ian84@adventure-works.com","city":"Palo Alto","state_code":"CA","country_code":"US"},{"customer_id":6401,"first_name":"Emily","last_name":"Wilson","email_address":"emily7@adventure-wor
nifer","last_name":"Brooks","email_address":"jennifer72@adventure-works.com","city":"Westminster","state_code":"BC","country_code":"CA"},{"customer_id":6413,"first_name":"Kaylee","last_name":"Carter","email_address":"kaylee32@adventure-works.com","city":"S
nna","last_name":"Alexander","email_address":"arianna17@adventure-works.com","city":"Marysville","state_code":"WA","country_code":"US"},{"customer_id":6425,"first_name":"Spencer","last_name":"Long","email_address":"spencer11@adventure-works.com","city":"Or
"email_address":"edward13@adventure-works.com","city":"Torrance","state_code":"CA","country_code":"US"},{"customer_id":6437,"first_name":"Evan","last_name":"Ramirez","email_address":"evan7@adventure-works.com","city":"San Carlos","state_code":"CA","country
sydney83@adventure-works.com","city":"Concord","state_code":"CA","country_code":"US"},{"customer_id":6449,"first_name":"Zachary","last_name":"Hayes","email_address":"zachary21@adventure-works.com","city":"La Jolla","state_code":"CA","country_code":"US"},{"
city":"Berkeley","state_code":"CA","country_code":"US"},{"customer_id":6461,"first_name":"Megan","last_name":"Murphy","email_address":"megan35@adventure-works.com","city":"La Jolla","state_code":"CA","country_code":"US"},{"customer_id":6462,"first_name":"S
","country_code":"US"},{"customer_id":6473,"first_name":"Meredith","last_name":"Torres","email_address":"meredith35@adventure-works.com","city":"Burlingame","state_code":"CA","country_code":"US"},{"customer_id":6474,"first_name":"Ebony","last_name":"Blanco
ntry_code":"CA"},{"customer_id":6485,"first_name":"Armando","last_name":"Carlson","email_address":"armando18@adventure-works.com","city":"North Ryde","state_code":"NSW","country_code":"AU"},{"customer_id":6486,"first_name":"Blake","last_name":"Davis","emai
7,"first_name":"Tabitha","last_name":"Sanz","email_address":"tabitha41@adventure-works.com","city":"East Brisbane","state_code":"QLD","country_code":"AU"},{"customer_id":6498,"first_name":"Maria","last_name":"Collins","email_address":"maria46@adventure-wor
"first_name":"Caroline","last_name":"Bennett","email_address":"caroline3@adventure-works.com","city":"San Gabriel","state_code":"CA","country_code":"US"},{"customer_id":6510,"first_name":"Makayla","last_name":"Ramirez","email_address":"makayla7@adventure-w
name":"Baker","email_address":"marcus35@adventure-works.com","city":"Burlingame","state_code":"CA","country_code":"US"},{"customer_id":6522,"first_name":"Destiny","last_name":"Jenkins","email_address":"destiny55@adventure-works.com","city":"Chula Vista","s
_address":"nathan6@adventure-works.com","city":"Beverly Hills","state_code":"CA","country_code":"US"},{"customer_id":6534,"first_name":"Fernando","last_name":"Baker","email_address":"fernando32@adventure-works.com","city":"Bellingham","state_code":"WA","co
_address":"eduardo86@adventure-works.com","city":"Everett","state_code":"WA","country_code":"US"},{"customer_id":6546,"first_name":"Wyatt","last_name":"Ross","email_address":"wyatt55@adventure-works.com","city":"Everett","state_code":"WA","country_code":"U
venture-works.com","city":"Beaverton","state_code":"OR","country_code":"US"},{"customer_id":6558,"first_name":"Matthew","last_name":"Davis","email_address":"matthew11@adventure-works.com","city":"Milwaukie","state_code":"OR","country_code":"US"},{"customer
s.com","city":"San Diego","state_code":"CA","country_code":"US"},{"customer_id":6570,"first_name":"Mya","last_name":"Price","email_address":"mya2@adventure-works.com","city":"Beaverton","state_code":"OR","country_code":"US"},{"customer_id":6571,"first_name
country_code":"US"},{"customer_id":6582,"first_name":"Jack","last_name":"Henderson","email_address":"jack5@adventure-works.com","city":"Redwood City","state_code":"CA","country_code":"US"},{"customer_id":6583,"first_name":"Katherine","last_name":"Wilson","
,{"customer_id":6594,"first_name":"Richard","last_name":"Butler","email_address":"richard69@adventure-works.com","city":"Daly City","state_code":"CA","country_code":"US"},{"customer_id":6595,"first_name":"Michelle","last_name":"Cook","email_address":"miche
6,"first_name":"Jon","last_name":"Ma","email_address":"jon36@adventure-works.com","city":"Bellflower","state_code":"CA","country_code":"US"},{"customer_id":6607,"first_name":"Jacqueline","last_name":"Peterson","email_address":"jacqueline29@adventure-works.
ail","last_name":"Simmons","email_address":"abigail40@adventure-works.com","city":"Downey","state_code":"CA","country_code":"US"},{"customer_id":6619,"first_name":"Ramon","last_name":"Liu","email_address":"ramon3@adventure-works.com","city":"Bellingham","s
"Torres","email_address":"tabitha32@adventure-works.com","city":"M?nchen","state_code":"HH","country_code":"DE"},{"customer_id":6631,"first_name":"Gilbert","last_name":"Zhang","email_address":"gilbert0@adventure-works.com","city":"Frankfurt am Main","state
om","city":"Pantin","state_code":"93","country_code":"FR"},{"customer_id":6643,"first_name":"Gregory","last_name":"Luo","email_address":"gregory10@adventure-works.com","city":"London","state_code":"ENG","country_code":"GB"},{"customer_id":6644,"first_name"
91","country_code":"FR"},{"customer_id":6655,"first_name":"Caroline","last_name":"Alexander","email_address":"caroline20@adventure-works.com","city":"Westminster","state_code":"BC","country_code":"CA"},{"customer_id":6656,"first_name":"Angela","last_name":
ode":"US"},{"customer_id":6667,"first_name":"Steven","last_name":"Torres","email_address":"steven14@adventure-works.com","city":"Lincoln Acres","state_code":"CA","country_code":"US"},{"customer_id":6668,"first_name":"Jaime","last_name":"Rai","email_address
},{"customer_id":6679,"first_name":"Julio","last_name":"Blanco","email_address":"julio16@adventure-works.com","city":"Bellflower","state_code":"CA","country_code":"US"},{"customer_id":6680,"first_name":"Joe","last_name":"Mehta","email_address":"joe17@adven
nna","last_name":"Gonzalez","email_address":"jenna8@adventure-works.com","city":"Chula Vista","state_code":"CA","country_code":"US"},{"customer_id":6692,"first_name":"Alexandria","last_name":"Bradley","email_address":"alexandria1@adventure-works.com","city
name":"Jack","last_name":"King","email_address":"jack55@adventure-works.com","city":"York","state_code":"ENG","country_code":"GB"},{"customer_id":6704,"first_name":"Pamela","last_name":"Fernandez","email_address":"pamela19@adventure-works.com","city":"Dunk
:"Gutierrez","email_address":"tanya7@adventure-works.com","city":"Lille","state_code":"59","country_code":"FR"},{"customer_id":6716,"first_name":"Rafael","last_name":"Pal","email_address":"rafael36@adventure-works.com","city":"Gloucestershire","state_code"
e":"Griffin","email_address":"caroline22@adventure-works.com","city":"Melton","state_code":"VIC","country_code":"AU"},{"customer_id":6728,"first_name":"Monique","last_name":"Gill","email_address":"monique10@adventure-works.com","city":"Melbourne","state_co
l_address":"nicolas0@adventure-works.com","city":"Berlin","state_code":"SL","country_code":"DE"},{"customer_id":6740,"first_name":"Colin","last_name":"Cai","email_address":"colin21@adventure-works.com","city":"Bobigny","state_code":"93","country_code":"FR"
y":"Birmingham","state_code":"ENG","country_code":"GB"},{"customer_id":6752,"first_name":"Isaiah","last_name":"Bailey","email_address":"isaiah15@adventure-works.com","city":"Dunkerque","state_code":"59","country_code":"FR"},{"customer_id":6753,"first_name"
e":"HH","country_code":"DE"},{"customer_id":6764,"first_name":"Jacquelyn","last_name":"Martin","email_address":"jacquelyn0@adventure-works.com","city":"Reading","state_code":"ENG","country_code":"GB"},{"customer_id":6765,"first_name":"Terrance","last_name"
6,"first_name":"Ricky","last_name":"Moreno","email_address":"ricky6@adventure-works.com","city":"Courbevoie","state_code":"92","country_code":"FR"},{"customer_id":6777,"first_name":"Diana","last_name":"Jimenez","email_address":"diana4@adventure-works.com",
Alejandro","last_name":"Zhao","email_address":"alejandro13@adventure-works.com","city":"Paris","state_code":"75","country_code":"FR"},{"customer_id":6789,"first_name":"Jeffery","last_name":"Liu","email_address":"jeffery4@adventure-works.com","city":"Berlin
_name":"Guo","email_address":"alejandro21@adventure-works.com","city":"Ingolstadt","state_code":"BY","country_code":"DE"},{"customer_id":6801,"first_name":"Robyn","last_name":"Alonso","email_address":"robyn6@adventure-works.com","city":"Chatou","state_code
ture-works.com","city":"Stuttgart","state_code":"SL","country_code":"DE"},{"customer_id":6813,"first_name":"Casey","last_name":"Nara","email_address":"casey18@adventure-works.com","city":"Kirkby","state_code":"ENG","country_code":"GB"},{"customer_id":6814,
"country_code":"FR"},{"customer_id":6825,"first_name":"Mario","last_name":"Pal","email_address":"mario10@adventure-works.com","city":"Berlin","state_code":"HE","country_code":"DE"},{"customer_id":6826,"first_name":"Clayton","last_name":"Li","email_address"
r_id":6837,"first_name":"Jacquelyn","last_name":"Ramos","email_address":"jacquelyn18@adventure-works.com","city":"Cergy","state_code":"95","country_code":"FR"},{"customer_id":6838,"first_name":"Mayra","last_name":"Garcia","email_address":"mayra15@adventure
"last_name":"Yuan","email_address":"jaime30@adventure-works.com","city":"Dresden","state_code":"HE","country_code":"DE"},{"customer_id":6850,"first_name":"Wesley","last_name":"He","email_address":"wesley18@adventure-works.com","city":"London","state_code":
re-works.com","city":"Imperial Beach","state_code":"CA","country_code":"US"},{"customer_id":6862,"first_name":"Melanie","last_name":"Blue","email_address":"melanie40@adventure-works.com","city":"Cliffside","state_code":"BC","country_code":"CA"},{"customer_
"city":"Issaquah","state_code":"WA","country_code":"US"},{"customer_id":6874,"first_name":"Alejandro","last_name":"She","email_address":"alejandro26@adventure-works.com","city":"Bottrop","state_code":"NW","country_code":"DE"},{"customer_id":6875,"first_nam
untry_code":"GB"},{"customer_id":6886,"first_name":"Julio","last_name":"Carlson","email_address":"julio19@adventure-works.com","city":"Paris","state_code":"75","country_code":"FR"},{"customer_id":6887,"first_name":"Bianca","last_name":"Harrison","email_add
l","last_name":"Kumar","email_address":"darrell16@adventure-works.com","city":"Morangis","state_code":"91","country_code":"FR"},{"customer_id":6899,"first_name":"Janet","last_name":"Sanz","email_address":"janet26@adventure-works.com","city":"Darmstadt","st
il_address":"joanna20@adventure-works.com","city":"Newcastle","state_code":"NSW","country_code":"AU"},{"customer_id":6911,"first_name":"Dustin","last_name":"Nara","email_address":"dustin17@adventure-works.com","city":"Milsons Point","state_code":"NSW","cou
re-works.com","city":"Warrnambool","state_code":"VIC","country_code":"AU"},{"customer_id":6923,"first_name":"Shane","last_name":"Schmidt","email_address":"shane13@adventure-works.com","city":"Lane Cove","state_code":"NSW","country_code":"AU"},{"customer_id
s.com","city":"Maidenhead","state_code":"ENG","country_code":"GB"},{"customer_id":6935,"first_name":"Nelson","last_name":"Gill","email_address":"nelson12@adventure-works.com","city":"Eilenburg","state_code":"BB","country_code":"DE"},{"customer_id":6936,"fi
"},{"customer_id":6947,"first_name":"Jocelyn","last_name":"Washington","email_address":"jocelyn14@adventure-works.com","city":"Kassel","state_code":"HE","country_code":"DE"},{"customer_id":6948,"first_name":"Erick","last_name":"Srini","email_address":"eric
_id":6959,"first_name":"Ricardo","last_name":"Lal","email_address":"ricardo8@adventure-works.com","city":"London","state_code":"ENG","country_code":"GB"},{"customer_id":6960,"first_name":"Ebony","last_name":"Srini","email_address":"ebony8@adventure-works.c
ame":"Martinez","email_address":"erick17@adventure-works.com","city":"Berlin","state_code":"HE","country_code":"DE"},{"customer_id":6972,"first_name":"Mayra","last_name":"Perez","email_address":"mayra20@adventure-works.com","city":"Colombes","state_code":"
adventure-works.com","city":"Saint Ouen","state_code":"80","country_code":"FR"},{"customer_id":6984,"first_name":"Carol","last_name":"Saunders","email_address":"carol22@adventure-works.com","city":"Hamburg","state_code":"HE","country_code":"DE"},{"customer
de":"HH","country_code":"DE"},{"customer_id":6996,"first_name":"Sabrina","last_name":"Jimenez","email_address":"sabrina3@adventure-works.com","city":"Stuttgart","state_code":"SL","country_code":"DE"},{"customer_id":6997,"first_name":"Cedric","last_name":"R
irst_name":"Michele","last_name":"Suri","email_address":"michele55@adventure-works.com","city":"Bracknell","state_code":"ENG","country_code":"GB"},{"customer_id":7009,"first_name":"Deanna","last_name":"Sai","email_address":"deanna9@adventure-works.com","ci
il_address":"yolanda20@adventure-works.com","city":"M?nchen","state_code":"HH","country_code":"DE"},{"customer_id":7021,"first_name":"Armando","last_name":"Ruiz","email_address":"armando2@adventure-works.com","city":"Solingen","state_code":"NW","country_co
m","city":"Offenbach","state_code":"SL","country_code":"DE"},{"customer_id":7033,"first_name":"Cassie","last_name":"Raji","email_address":"cassie19@adventure-works.com","city":"Paris","state_code":"75","country_code":"FR"},{"customer_id":7034,"first_name":
:"FR"},{"customer_id":7045,"first_name":"Kendra","last_name":"Carlson","email_address":"kendra18@adventure-works.com","city":"London","state_code":"ENG","country_code":"GB"},{"customer_id":7046,"first_name":"Toni","last_name":"Arun","email_address":"toni6@
":"Haley","last_name":"Price","email_address":"haley20@adventure-works.com","city":"El Cajon","state_code":"CA","country_code":"US"},{"customer_id":7058,"first_name":"Logan","last_name":"Washington","email_address":"logan16@adventure-works.com","city":"Lak
:"Walker","email_address":"ethan51@adventure-works.com","city":"Woodland Hills","state_code":"CA","country_code":"US"},{"customer_id":7070,"first_name":"Elijah","last_name":"Hill","email_address":"elijah41@adventure-works.com","city":"El Cajon","state_code
address":"paige33@adventure-works.com","city":"Novato","state_code":"CA","country_code":"US"},{"customer_id":7082,"first_name":"Amanda","last_name":"Parker","email_address":"amanda51@adventure-works.com","city":"Port Hammond","state_code":"BC","country_cod
re-works.com","city":"N. Vancouver","state_code":"BC","country_code":"CA"},{"customer_id":7094,"first_name":"Grace","last_name":"Johnson","email_address":"grace0@adventure-works.com","city":"Salem","state_code":"OR","country_code":"US"},{"customer_id":7095
"Tacoma","state_code":"WA","country_code":"US"},{"customer_id":7106,"first_name":"Destiny","last_name":"Brooks","email_address":"destiny45@adventure-works.com","city":"W. Linn","state_code":"OR","country_code":"US"},{"customer_id":7107,"first_name":"Carson
","state_code":"BC","country_code":"CA"},{"customer_id":7118,"first_name":"Fernando","last_name":"Washington","email_address":"fernando56@adventure-works.com","city":"Redmond","state_code":"WA","country_code":"US"},{"customer_id":7119,"first_name":"Megan",
"FR"},{"customer_id":7130,"first_name":"Elizabeth","last_name":"Rodriguez","email_address":"elizabeth24@adventure-works.com","city":"Chatou","state_code":"78","country_code":"FR"},{"customer_id":7131,"first_name":"Kaitlyn","last_name":"Mitchell","email_add
stomer_id":7142,"first_name":"Deanna","last_name":"Chandra","email_address":"deanna5@adventure-works.com","city":"Berkshire","state_code":"ENG","country_code":"GB"},{"customer_id":7143,"first_name":"Riley","last_name":"Bradley","email_address":"riley1@adve
,"email_address":"karen25@adventure-works.com","city":"Berlin","state_code":"HE","country_code":"DE"},{"customer_id":7155,"first_name":"Calvin","last_name":"She","email_address":"calvin0@adventure-works.com","city":"Berlin","state_code":"NW","country_code"
works.com","city":"Birmingham","state_code":"ENG","country_code":"GB"},{"customer_id":7167,"first_name":"Julian","last_name":"Wood","email_address":"julian3@adventure-works.com","city":"Oxford","state_code":"ENG","country_code":"GB"},{"customer_id":7168,"f
_code":"ENG","country_code":"GB"},{"customer_id":7179,"first_name":"Tracy","last_name":"Goel","email_address":"tracy18@adventure-works.com","city":"Reading","state_code":"ENG","country_code":"GB"},{"customer_id":7180,"first_name":"Chelsea","last_name":"McD
ustomer_id":7191,"first_name":"Danny","last_name":"Diaz","email_address":"danny3@adventure-works.com","city":"Findon","state_code":"SA","country_code":"AU"},{"customer_id":7192,"first_name":"Julie","last_name":"Sharma","email_address":"julie14@adventure-wo
st_name":"Erika","last_name":"Gill","email_address":"erika11@adventure-works.com","city":"Townsville","state_code":"QLD","country_code":"AU"},{"customer_id":7204,"first_name":"Louis","last_name":"Kumar","email_address":"louis25@adventure-works.com","city":
onald","last_name":"Suri","email_address":"ronald2@adventure-works.com","city":"Melbourne","state_code":"VIC","country_code":"AU"},{"customer_id":7216,"first_name":"Ashley","last_name":"Taylor","email_address":"ashley9@adventure-works.com","city":"Rockhamp
lker","email_address":"joseph30@adventure-works.com","city":"Seattle","state_code":"WA","country_code":"US"},{"customer_id":7228,"first_name":"Miranda","last_name":"Diaz","email_address":"miranda22@adventure-works.com","city":"Lynnwood","state_code":"WA","
arris","email_address":"eduardo12@adventure-works.com","city":"Caloundra","state_code":"QLD","country_code":"AU"},{"customer_id":7240,"first_name":"Alisha","last_name":"Zhu","email_address":"alisha14@adventure-works.com","city":"Malabar","state_code":"NSW"
:"jeremiah12@adventure-works.com","city":"Geelong","state_code":"VIC","country_code":"AU"},{"customer_id":7252,"first_name":"Ricky","last_name":"Sanz","email_address":"ricky21@adventure-works.com","city":"Geelong","state_code":"VIC","country_code":"AU"},{"
":"Sydney","state_code":"NSW","country_code":"AU"},{"customer_id":7264,"first_name":"Karla","last_name":"Jai","email_address":"karla12@adventure-works.com","city":"Coffs Harbour","state_code":"NSW","country_code":"AU"},{"customer_id":7265,"first_name":"Jef
"state_code":"NSW","country_code":"AU"},{"customer_id":7276,"first_name":"Heather","last_name":"Yang","email_address":"heather4@adventure-works.com","city":"Gold Coast","state_code":"QLD","country_code":"AU"},{"customer_id":7277,"first_name":"Alexa","last_
"AU"},{"customer_id":7288,"first_name":"Heather","last_name":"Zeng","email_address":"heather21@adventure-works.com","city":"Lavender Bay","state_code":"NSW","country_code":"AU"},{"customer_id":7289,"first_name":"Daisy","last_name":"Suarez","email_address":
y_code":"AU"},{"customer_id":7300,"first_name":"Colin","last_name":"Deng","email_address":"colin24@adventure-works.com","city":"Townsville","state_code":"QLD","country_code":"AU"},{"customer_id":7301,"first_name":"Diane","last_name":"Ramos","email_address"
irst_name":"Jennifer","last_name":"Mitchell","email_address":"jennifer13@adventure-works.com","city":"El Cajon","state_code":"CA","country_code":"US"},{"customer_id":7313,"first_name":"Miguel","last_name":"Moore","email_address":"miguel7@adventure-works.co
ast_name":"Clark","email_address":"jeremy5@adventure-works.com","city":"Edmonds","state_code":"WA","country_code":"US"},{"customer_id":7325,"first_name":"Jackson","last_name":"Butler","email_address":"jackson16@adventure-works.com","city":"Langford","state
adventure-works.com","city":"Gold Coast","state_code":"QLD","country_code":"AU"},{"customer_id":7337,"first_name":"Carla","last_name":"Gonzalez","email_address":"carla21@adventure-works.com","city":"Malabar","state_code":"NSW","country_code":"AU"},{"custom
nture-works.com","city":"Palo Alto","state_code":"CA","country_code":"US"},{"customer_id":7349,"first_name":"Katelyn","last_name":"Roberts","email_address":"katelyn27@adventure-works.com","city":"San Gabriel","state_code":"CA","country_code":"US"},{"custom
,"city":"Newport Beach","state_code":"CA","country_code":"US"},{"customer_id":7361,"first_name":"Eric","last_name":"Li","email_address":"eric34@adventure-works.com","city":"Santa Cruz","state_code":"CA","country_code":"US"},{"customer_id":7362,"first_name"
":"WA","country_code":"US"},{"customer_id":7373,"first_name":"Jeremiah","last_name":"Thomas","email_address":"jeremiah3@adventure-works.com","city":"Westminster","state_code":"BC","country_code":"CA"},{"customer_id":7374,"first_name":"Stephanie","last_name
sville","state_code":"WA","country_code":"US"},{"customer_id":7385,"first_name":"Nicole","last_name":"Williams","email_address":"nicole2@adventure-works.com","city":"Port Orchard","state_code":"WA","country_code":"US"},{"customer_id":7386,"first_name":"Mig
,"state_code":"OR","country_code":"US"},{"customer_id":7397,"first_name":"Luke","last_name":"Parker","email_address":"luke31@adventure-works.com","city":"Yakima","state_code":"WA","country_code":"US"},{"customer_id":7398,"first_name":"Louis","last_name":"A
_code":"CA"},{"customer_id":7409,"first_name":"Cody","last_name":"West","email_address":"cody1@adventure-works.com","city":"Burien","state_code":"WA","country_code":"US"},{"customer_id":7410,"first_name":"Olivia","last_name":"Washington","email_address":"o
tomer_id":7421,"first_name":"Riley","last_name":"Stewart","email_address":"riley40@adventure-works.com","city":"San Carlos","state_code":"CA","country_code":"US"},{"customer_id":7422,"first_name":"Megan","last_name":"Morgan","email_address":"megan33@advent
t_name":"Jordan","last_name":"Lopez","email_address":"jordan50@adventure-works.com","city":"Burlingame","state_code":"CA","country_code":"US"},{"customer_id":7434,"first_name":"Seth","last_name":"Ross","email_address":"seth52@adventure-works.com","city":"O
ame":"Chow","email_address":"shannon2@adventure-works.com","city":"Hervey Bay","state_code":"QLD","country_code":"AU"},{"customer_id":7446,"first_name":"Colin","last_name":"Li","email_address":"colin3@adventure-works.com","city":"Malabar","state_code":"NSW
ddress":"timothy17@adventure-works.com","city":"Grossmont","state_code":"CA","country_code":"US"},{"customer_id":7458,"first_name":"Olivia","last_name":"White","email_address":"olivia12@adventure-works.com","city":"Wollongong","state_code":"NSW","country_c
"Goulburn","state_code":"NSW","country_code":"AU"},{"customer_id":7470,"first_name":"Robyn","last_name":"Rubio","email_address":"robyn17@adventure-works.com","city":"Melbourne","state_code":"VIC","country_code":"AU"},{"customer_id":7471,"first_name":"Jenni
e":"CA","country_code":"US"},{"customer_id":7482,"first_name":"Tanya","last_name":"Romero","email_address":"tanya5@adventure-works.com","city":"Colma","state_code":"CA","country_code":"US"},{"customer_id":7483,"first_name":"Sharon","last_name":"Nara","emai
":"AU"},{"customer_id":7494,"first_name":"Kaitlin","last_name":"McDonald","email_address":"kaitlin14@adventure-works.com","city":"Malabar","state_code":"NSW","country_code":"AU"},{"customer_id":7495,"first_name":"Marcus","last_name":"Young","email_address"
_code":"US"},{"customer_id":7506,"first_name":"Carol","last_name":"Scott","email_address":"carol14@adventure-works.com","city":"San Francisco","state_code":"CA","country_code":"US"},{"customer_id":7507,"first_name":"Evan","last_name":"Bradley","email_addre
mer_id":7518,"first_name":"Tristan","last_name":"Diaz","email_address":"tristan21@adventure-works.com","city":"Issaquah","state_code":"WA","country_code":"US"},{"customer_id":7519,"first_name":"Stephanie","last_name":"Scott","email_address":"stephanie58@ad
"first_name":"Albert","last_name":"Castro","email_address":"albert18@adventure-works.com","city":"Chantilly","state_code":"VA","country_code":"US"},{"customer_id":7531,"first_name":"Wyatt","last_name":"Evans","email_address":"wyatt46@adventure-works.com","
st_name":"Kayla","last_name":"Jones","email_address":"kayla3@adventure-works.com","city":"Westminster","state_code":"BC","country_code":"CA"},{"customer_id":7543,"first_name":"Dustin","last_name":"She","email_address":"dustin0@adventure-works.com","city":"
mail_address":"alex32@adventure-works.com","city":"Lake Oswego","state_code":"OR","country_code":"US"},{"customer_id":7555,"first_name":"Isabelle","last_name":"Ross","email_address":"isabelle4@adventure-works.com","city":"Port Hammond","state_code":"BC","c
ks.com","city":"Lebanon","state_code":"OR","country_code":"US"},{"customer_id":7567,"first_name":"Bryce","last_name":"Peterson","email_address":"bryce5@adventure-works.com","city":"Daly City","state_code":"CA","country_code":"US"},{"customer_id":7568,"firs
s","state_code":"CA","country_code":"US"},{"customer_id":7579,"first_name":"Patrick","last_name":"Rogers","email_address":"patrick24@adventure-works.com","city":"Novato","state_code":"CA","country_code":"US"},{"customer_id":7580,"first_name":"William","las
y_code":"US"},{"customer_id":7591,"first_name":"Valerie","last_name":"Sun","email_address":"valerie15@adventure-works.com","city":"Burbank","state_code":"CA","country_code":"US"},{"customer_id":7592,"first_name":"Eduardo","last_name":"Nelson","email_addres
US"},{"customer_id":7603,"first_name":"Patrick","last_name":"Ramirez","email_address":"patrick13@adventure-works.com","city":"Imperial Beach","state_code":"CA","country_code":"US"},{"customer_id":7604,"first_name":"Gabrielle","last_name":"Henderson","email
id":7615,"first_name":"Seth","last_name":"Wright","email_address":"seth28@adventure-works.com","city":"Newport Beach","state_code":"CA","country_code":"US"},{"customer_id":7616,"first_name":"Charles","last_name":"Peterson","email_address":"charles53@advent
":"Tony","last_name":"Pal","email_address":"tony15@adventure-works.com","city":"Frankfurt","state_code":"BY","country_code":"DE"},{"customer_id":7628,"first_name":"Kristine","last_name":"Gomez","email_address":"kristine2@adventure-works.com","city":"London
email_address":"alyssa15@adventure-works.com","city":"Kirkland","state_code":"WA","country_code":"US"},{"customer_id":7640,"first_name":"Maria","last_name":"Scott","email_address":"maria56@adventure-works.com","city":"Portland","state_code":"OR","country_c
ss":"kyle7@adventure-works.com","city":"Downey","state_code":"CA","country_code":"US"},{"customer_id":7652,"first_name":"Isaiah","last_name":"Mitchell","email_address":"isaiah35@adventure-works.com","city":"Lynnwood","state_code":"WA","country_code":"US"},
re-works.com","city":"Daly City","state_code":"CA","country_code":"US"},{"customer_id":7664,"first_name":"Jason","last_name":"Flores","email_address":"jason9@adventure-works.com","city":"Mill Valley","state_code":"CA","country_code":"US"},{"customer_id":76
estminster","state_code":"BC","country_code":"CA"},{"customer_id":7676,"first_name":"Abigail","last_name":"Martin","email_address":"abigail55@adventure-works.com","city":"Grossmont","state_code":"CA","country_code":"US"},{"customer_id":7677,"first_name":"J
":"BC","country_code":"CA"},{"customer_id":7688,"first_name":"Olivia","last_name":"Smith","email_address":"olivia0@adventure-works.com","city":"Burlingame","state_code":"CA","country_code":"US"},{"customer_id":7689,"first_name":"Antonio","last_name":"Barne
,{"customer_id":7700,"first_name":"Blake","last_name":"Griffin","email_address":"blake68@adventure-works.com","city":"Gold Coast","state_code":"QLD","country_code":"AU"},{"customer_id":7701,"first_name":"Ernest","last_name":"Zhao","email_address":"ernest10
er_id":7712,"first_name":"Emma","last_name":"Diaz","email_address":"emma67@adventure-works.com","city":"Geelong","state_code":"VIC","country_code":"AU"},{"customer_id":7713,"first_name":"Glenn","last_name":"Guo","email_address":"glenn19@adventure-works.com
me":"Lacey","last_name":"Ma","email_address":"lacey28@adventure-works.com","city":"Port Macquarie","state_code":"NSW","country_code":"AU"},{"customer_id":7725,"first_name":"Denise","last_name":"Fernandez","email_address":"denise16@adventure-works.com","cit
a","last_name":"Moreno","email_address":"latasha6@adventure-works.com","city":"Cloverdale","state_code":"SA","country_code":"AU"},{"customer_id":7737,"first_name":"Ashley","last_name":"Patterson","email_address":"ashley37@adventure-works.com","city":"Melbo
jacquelyn3@adventure-works.com","city":"Townsville","state_code":"QLD","country_code":"AU"},{"customer_id":7749,"first_name":"Gabrielle","last_name":"Stewart","email_address":"gabrielle0@adventure-works.com","city":"Caloundra","state_code":"QLD","country_c
ips","email_address":"devin38@adventure-works.com","city":"Sooke","state_code":"BC","country_code":"CA"},{"customer_id":7761,"first_name":"Morgan","last_name":"Wood","email_address":"morgan72@adventure-works.com","city":"Downey","state_code":"CA","country_
rt55@adventure-works.com","city":"Glendale","state_code":"CA","country_code":"US"},{"customer_id":7773,"first_name":"Julia","last_name":"Hill","email_address":"julia19@adventure-works.com","city":"Lincoln Acres","state_code":"CA","country_code":"US"},{"cus
re-works.com","city":"W. Linn","state_code":"OR","country_code":"US"},{"customer_id":7785,"first_name":"Trinity","last_name":"Brooks","email_address":"trinity1@adventure-works.com","city":"Santa Monica","state_code":"CA","country_code":"US"},{"customer_id"
Royal Oak","state_code":"BC","country_code":"CA"},{"customer_id":7797,"first_name":"Marvin","last_name":"Ruiz","email_address":"marvin2@adventure-works.com","city":"Sydney","state_code":"NSW","country_code":"AU"},{"customer_id":7798,"first_name":"Evan","la
ode":"US"},{"customer_id":7809,"first_name":"Gabrielle","last_name":"Perez","email_address":"gabrielle55@adventure-works.com","city":"Colma","state_code":"CA","country_code":"US"},{"customer_id":7810,"first_name":"Jason","last_name":"King","email_address":
1,"first_name":"Alexandria","last_name":"Cook","email_address":"alexandria42@adventure-works.com","city":"West Covina","state_code":"CA","country_code":"US"},{"customer_id":7822,"first_name":"Juan","last_name":"Morgan","email_address":"juan23@adventure-wor
t_name":"Dylan","last_name":"Jackson","email_address":"dylan42@adventure-works.com","city":"Redwood City","state_code":"CA","country_code":"US"},{"customer_id":7834,"first_name":"Morgan","last_name":"Baker","email_address":"morgan13@adventure-works.com","c
ton","last_name":"Hernandez","email_address":"dalton25@adventure-works.com","city":"Renton","state_code":"WA","country_code":"US"},{"customer_id":7846,"first_name":"Katherine","last_name":"Hughes","email_address":"katherine37@adventure-works.com","city":"T
as","last_name":"Green","email_address":"thomas50@adventure-works.com","city":"Palo Alto","state_code":"CA","country_code":"US"},{"customer_id":7858,"first_name":"Sebastian","last_name":"Sanders","email_address":"sebastian3@adventure-works.com","city":"Edm
","email_address":"adam7@adventure-works.com","city":"Long Beach","state_code":"CA","country_code":"US"},{"customer_id":7870,"first_name":"Ashley","last_name":"Flores","email_address":"ashley39@adventure-works.com","city":"National City","state_code":"CA",
works.com","city":"Beaverton","state_code":"OR","country_code":"US"},{"customer_id":7882,"first_name":"Kimberly","last_name":"James","email_address":"kimberly11@adventure-works.com","city":"Oregon City","state_code":"OR","country_code":"US"},{"customer_id"
code":"CA","country_code":"US"},{"customer_id":7894,"first_name":"Devin","last_name":"White","email_address":"devin11@adventure-works.com","city":"Imperial Beach","state_code":"CA","country_code":"US"},{"customer_id":7895,"first_name":"Eric","last_name":"A
S"},{"customer_id":7906,"first_name":"Samuel","last_name":"Adams","email_address":"samuel44@adventure-works.com","city":"Marysville","state_code":"WA","country_code":"US"},{"customer_id":7907,"first_name":"Adrienne","last_name":"Gutierrez","email_address":
er_id":7918,"first_name":"Jonathan","last_name":"Nelson","email_address":"jonathan38@adventure-works.com","city":"Spring Valley","state_code":"CA","country_code":"US"},{"customer_id":7919,"first_name":"Jacqueline","last_name":"Ross","email_address":"jacque
":"AU"},{"customer_id":7930,"first_name":"Donald","last_name":"Garcia","email_address":"donald16@adventure-works.com","city":"Perth","state_code":"SA","country_code":"AU"},{"customer_id":7931,"first_name":"Katelyn","last_name":"Richardson","email_address":
t_name":"Philip","last_name":"Torres","email_address":"philip12@adventure-works.com","city":"Beaverton","state_code":"OR","country_code":"US"},{"customer_id":7943,"first_name":"Billy","last_name":"Ortega","email_address":"billy22@adventure-works.com","city
me":"Patterson","email_address":"mya12@adventure-works.com","city":"Bellflower","state_code":"CA","country_code":"US"},{"customer_id":7955,"first_name":"Dalton","last_name":"Young","email_address":"dalton24@adventure-works.com","city":"Fremont","state_code
ress":"richard33@adventure-works.com","city":"Downey","state_code":"CA","country_code":"US"},{"customer_id":7967,"first_name":"Carly","last_name":"Rai","email_address":"carly15@adventure-works.com","city":"Berkeley","state_code":"CA","country_code":"US"},{
rks.com","city":"Beaverton","state_code":"OR","country_code":"US"},{"customer_id":7979,"first_name":"Isaiah","last_name":"Morgan","email_address":"isaiah12@adventure-works.com","city":"Langley","state_code":"BC","country_code":"CA"},{"customer_id":7980,"fi
","state_code":"CA","country_code":"US"},{"customer_id":7991,"first_name":"Amanda","last_name":"Henderson","email_address":"amanda26@adventure-works.com","city":"Bellingham","state_code":"WA","country_code":"US"},{"customer_id":7992,"first_name":"Evan","la
C","country_code":"CA"},{"customer_id":8003,"first_name":"Alexis","last_name":"Thompson","email_address":"alexis13@adventure-works.com","city":"Seattle","state_code":"WA","country_code":"US"},{"customer_id":8004,"first_name":"Jared","last_name":"Stewart","
"customer_id":8015,"first_name":"Jonathan","last_name":"Hernandez","email_address":"jonathan48@adventure-works.com","city":"Metchosin","state_code":"BC","country_code":"CA"},{"customer_id":8016,"first_name":"Thomas","last_name":"Griffin","email_address":"t
_name":"Logan","last_name":"Hayes","email_address":"logan23@adventure-works.com","city":"Cliffside","state_code":"BC","country_code":"CA"},{"customer_id":8028,"first_name":"Mayra","last_name":"Madan","email_address":"mayra7@adventure-works.com","city":"Cha
@adventure-works.com","city":"Neunkirchen","state_code":"SL","country_code":"DE"},{"customer_id":8040,"first_name":"Melvin","last_name":"Pal","email_address":"melvin10@adventure-works.com","city":"Verrieres Le Buisson","state_code":"91","country_code":"FR"
state_code":"ENG","country_code":"GB"},{"customer_id":8052,"first_name":"Taylor","last_name":"Henderson","email_address":"taylor30@adventure-works.com","city":"Bobigny","state_code":"93","country_code":"FR"},{"customer_id":8053,"first_name":"Kristi","last_
R"},{"customer_id":8064,"first_name":"Gabrielle","last_name":"Kelly","email_address":"gabrielle20@adventure-works.com","city":"Tremblay-en-France","state_code":"93","country_code":"FR"},{"customer_id":8065,"first_name":"Veronica","last_name":"Madan","email
me":"Brent","last_name":"Wu","email_address":"brent6@adventure-works.com","city":"Paris","state_code":"75","country_code":"FR"},{"customer_id":8077,"first_name":"Jaclyn","last_name":"Pal","email_address":"jaclyn36@adventure-works.com","city":"Roubaix","sta
ture-works.com","city":"Cloverdale","state_code":"SA","country_code":"AU"},{"customer_id":8089,"first_name":"Rafael","last_name":"Kumar","email_address":"rafael31@adventure-works.com","city":"Cranbourne","state_code":"VIC","country_code":"AU"},{"customer_i
om","city":"St. Leonards","state_code":"NSW","country_code":"AU"},{"customer_id":8101,"first_name":"Bradley","last_name":"Rai","email_address":"bradley20@adventure-works.com","city":"Darlinghurst","state_code":"NSW","country_code":"AU"},{"customer_id":8102
rance","state_code":"CA","country_code":"US"},{"customer_id":8113,"first_name":"Victoria","last_name":"Hughes","email_address":"victoria59@adventure-works.com","city":"Novato","state_code":"CA","country_code":"US"},{"customer_id":8114,"first_name":"Aaron",
de":"BC","country_code":"CA"},{"customer_id":8125,"first_name":"Cody","last_name":"Bailey","email_address":"cody16@adventure-works.com","city":"Palo Alto","state_code":"CA","country_code":"US"},{"customer_id":8126,"first_name":"Cameron","last_name":"Russel
"country_code":"US"},{"customer_id":8137,"first_name":"Richard","last_name":"Cook","email_address":"richard94@adventure-works.com","city":"Everett","state_code":"WA","country_code":"US"},{"customer_id":8138,"first_name":"Eric","last_name":"Russell","email_
,{"customer_id":8149,"first_name":"Cody","last_name":"Ramirez","email_address":"cody7@adventure-works.com","city":"Beaverton","state_code":"OR","country_code":"US"},{"customer_id":8150,"first_name":"Sean","last_name":"Parker","email_address":"sean30@advent
_id":8161,"first_name":"Sara","last_name":"Perez","email_address":"sara38@adventure-works.com","city":"Newport Beach","state_code":"CA","country_code":"US"},{"customer_id":8162,"first_name":"Jeremiah","last_name":"Hughes","email_address":"jeremiah31@advent
_id":8173,"first_name":"Calvin","last_name":"Luo","email_address":"calvin6@adventure-works.com","city":"London","state_code":"ENG","country_code":"GB"},{"customer_id":8174,"first_name":"Kelli","last_name":"Lal","email_address":"kelli31@adventure-works.com"
name":"Hayes","email_address":"emily48@adventure-works.com","city":"Bury","state_code":"ENG","country_code":"GB"},{"customer_id":8186,"first_name":"Jacqueline","last_name":"Bradley","email_address":"jacqueline3@adventure-works.com","city":"Roubaix","state_
n","state_code":"SL","country_code":"DE"},{"customer_id":8198,"first_name":"Briana","last_name":"Sandoval","email_address":"briana17@adventure-works.com","city":"Frankfurt am Main","state_code":"SL","country_code":"DE"},{"customer_id":8199,"first_name":"Me
"city":"Sedro Woolley","state_code":"WA","country_code":"US"},{"customer_id":8210,"first_name":"Alexandra","last_name":"Nelson","email_address":"alexandra51@adventure-works.com","city":"Sedro Woolley","state_code":"WA","country_code":"US"},{"customer_id":8
ide","state_code":"BC","country_code":"CA"},{"customer_id":8222,"first_name":"Kaitlyn","last_name":"Williams","email_address":"kaitlyn25@adventure-works.com","city":"Novato","state_code":"CA","country_code":"US"},{"customer_id":8223,"first_name":"Jordan","
_code":"CA"},{"customer_id":8234,"first_name":"Omar","last_name":"Andersen","email_address":"omar33@adventure-works.com","city":"Burlingame","state_code":"CA","country_code":"US"},{"customer_id":8235,"first_name":"Micah","last_name":"Zheng","email_address"
customer_id":8246,"first_name":"Isaiah","last_name":"King","email_address":"isaiah43@adventure-works.com","city":"Newport Beach","state_code":"CA","country_code":"US"},{"customer_id":8247,"first_name":"Carlos","last_name":"Campbell","email_address":"carlos
_name":"Dana","last_name":"Jim?nez","email_address":"dana21@adventure-works.com","city":"M?nster","state_code":"SL","country_code":"DE"},{"customer_id":8259,"first_name":"Douglas","last_name":"Mehta","email_address":"douglas18@adventure-works.com","city":"
o","email_address":"kathleen12@adventure-works.com","city":"Warrnambool","state_code":"VIC","country_code":"AU"},{"customer_id":8271,"first_name":"Shawn","last_name":"Shen","email_address":"shawn4@adventure-works.com","city":"Perth","state_code":"SA","coun
"mallory5@adventure-works.com","city":"Saint Ouen","state_code":"41","country_code":"FR"},{"customer_id":8283,"first_name":"Hailey","last_name":"Wood","email_address":"hailey23@adventure-works.com","city":"Villeneuve-d'Ascq","state_code":"59","country_code
orks.com","city":"Saint Germain en Laye","state_code":"78","country_code":"FR"},{"customer_id":8295,"first_name":"Stanley","last_name":"Garcia","email_address":"stanley16@adventure-works.com","city":"Werne","state_code":"NW","country_code":"DE"},{"customer
ricay","state_code":"ENG","country_code":"GB"},{"customer_id":8307,"first_name":"Candace","last_name":"Perez","email_address":"candace19@adventure-works.com","city":"Pantin","state_code":"93","country_code":"FR"},{"customer_id":8308,"first_name":"Micheal",
d":8319,"first_name":"Jamie","last_name":"Dominguez","email_address":"jamie35@adventure-works.com","city":"Les Ulis","state_code":"91","country_code":"FR"},{"customer_id":8320,"first_name":"Darryl","last_name":"Guo","email_address":"darryl17@adventure-work
l_address":"johnny3@adventure-works.com","city":"M?nchen","state_code":"HE","country_code":"DE"},{"customer_id":8332,"first_name":"Jessie","last_name":"Hu","email_address":"jessie26@adventure-works.com","city":"Berlin","state_code":"HH","country_code":"DE"
orks.com","city":"London","state_code":"ENG","country_code":"GB"},{"customer_id":8344,"first_name":"Louis","last_name":"Ye","email_address":"louis3@adventure-works.com","city":"Chatou","state_code":"78","country_code":"FR"},{"customer_id":8345,"first_name"
":"DE"},{"customer_id":8356,"first_name":"Danny","last_name":"Munoz","email_address":"danny8@adventure-works.com","city":"Woolston","state_code":"ENG","country_code":"GB"},{"customer_id":8357,"first_name":"Francis","last_name":"Ortega","email_address":"fra
er_id":8368,"first_name":"Johnathan","last_name":"Gonzalez","email_address":"johnathan17@adventure-works.com","city":"Paris","state_code":"75","country_code":"FR"},{"customer_id":8369,"first_name":"Lindsay","last_name":"Anand","email_address":"lindsay22@ad
":"Guo","email_address":"crystal18@adventure-works.com","city":"W. York","state_code":"ENG","country_code":"GB"},{"customer_id":8381,"first_name":"Marshall","last_name":"Luo","email_address":"marshall27@adventure-works.com","city":"Orleans","state_code":"4
o11@adventure-works.com","city":"Darmstadt","state_code":"HE","country_code":"DE"},{"customer_id":8393,"first_name":"Sergio","last_name":"Kapoor","email_address":"sergio1@adventure-works.com","city":"Oxford","state_code":"ENG","country_code":"GB"},{"custom
city":"Long Beach","state_code":"CA","country_code":"US"},{"customer_id":8405,"first_name":"Nicole","last_name":"Moore","email_address":"nicole8@adventure-works.com","city":"Berkeley","state_code":"CA","country_code":"US"},{"customer_id":8406,"first_name":
","state_code":"HE","country_code":"DE"},{"customer_id":8417,"first_name":"Caitlin","last_name":"Morris","email_address":"caitlin16@adventure-works.com","city":"Watford","state_code":"ENG","country_code":"GB"},{"customer_id":8418,"first_name":"Alexis","las
FR"},{"customer_id":8429,"first_name":"Eric","last_name":"Turner","email_address":"eric47@adventure-works.com","city":"Darmstadt","state_code":"HE","country_code":"DE"},{"customer_id":8430,"first_name":"Jared","last_name":"Kelly","email_address":"jared4@ad
rst_name":"Alicia","last_name":"Sharma","email_address":"alicia7@adventure-works.com","city":"Milton Keynes","state_code":"ENG","country_code":"GB"},{"customer_id":8442,"first_name":"Dale","last_name":"She","email_address":"dale0@adventure-works.com","city
e":"Anderson","email_address":"jacob9@adventure-works.com","city":"Villeneuve-d'Ascq","state_code":"59","country_code":"FR"},{"customer_id":8454,"first_name":"Veronica","last_name":"Rana","email_address":"veronica12@adventure-works.com","city":"Berlin","st
Alonso","email_address":"tyrone8@adventure-works.com","city":"Paris","state_code":"75","country_code":"FR"},{"customer_id":8466,"first_name":"Sierra","last_name":"Baker","email_address":"sierra14@adventure-works.com","city":"Roubaix","state_code":"59","cou
ne","state_code":"NW","country_code":"DE"},{"customer_id":8478,"first_name":"Lance","last_name":"Rubio","email_address":"lance21@adventure-works.com","city":"London","state_code":"ENG","country_code":"GB"},{"customer_id":8479,"first_name":"Tasha","last_nam
{"customer_id":8490,"first_name":"Alexandra","last_name":"Patterson","email_address":"alexandra33@adventure-works.com","city":"Metz","state_code":"57","country_code":"FR"},{"customer_id":8491,"first_name":"Kristina","last_name":"Smith","email_address":"kri
,"first_name":"Allison","last_name":"Edwards","email_address":"allison22@adventure-works.com","city":"Solingen","state_code":"NW","country_code":"DE"},{"customer_id":8503,"first_name":"Felicia","last_name":"Carlson","email_address":"felicia17@adventure-wor
g","email_address":"jessie21@adventure-works.com","city":"London","state_code":"ENG","country_code":"GB"},{"customer_id":8515,"first_name":"Kari","last_name":"Rodriguez","email_address":"kari19@adventure-works.com","city":"Offenbach","state_code":"SL","cou
ure-works.com","city":"Vancouver","state_code":"BC","country_code":"CA"},{"customer_id":8527,"first_name":"Angela","last_name":"Cooper","email_address":"angela35@adventure-works.com","city":"Shawnee","state_code":"BC","country_code":"CA"},{"customer_id":85
ie","state_code":"OR","country_code":"US"},{"customer_id":8539,"first_name":"Connor","last_name":"Hall","email_address":"connor49@adventure-works.com","city":"Olympia","state_code":"WA","country_code":"US"},{"customer_id":8540,"first_name":"Latoya","last_n
e_code":"WA","country_code":"US"},{"customer_id":8551,"first_name":"Lucas","last_name":"Perez","email_address":"lucas4@adventure-works.com","city":"El Cajon","state_code":"CA","country_code":"US"},{"customer_id":8552,"first_name":"Samuel","last_name":"Alex
"country_code":"AU"},{"customer_id":8563,"first_name":"Leah","last_name":"Guo","email_address":"leah14@adventure-works.com","city":"Milsons Point","state_code":"NSW","country_code":"AU"},{"customer_id":8564,"first_name":"Robin","last_name":"Moreno","email_
"country_code":"AU"},{"customer_id":8575,"first_name":"Michele","last_name":"Ramos","email_address":"michele51@adventure-works.com","city":"Bendigo","state_code":"VIC","country_code":"AU"},{"customer_id":8576,"first_name":"Marco","last_name":"Patel","email
8587,"first_name":"Alvin","last_name":"Sharma","email_address":"alvin32@adventure-works.com","city":"Rockhampton","state_code":"QLD","country_code":"AU"},{"customer_id":8588,"first_name":"Alyssa","last_name":"Martin","email_address":"alyssa14@adventure-wor
aitlyn","last_name":"Powell","email_address":"kaitlyn75@adventure-works.com","city":"Sydney","state_code":"NSW","country_code":"AU"},{"customer_id":8600,"first_name":"Alvin","last_name":"Jai","email_address":"alvin33@adventure-works.com","city":"Findon","s
t_name":"Andersen","email_address":"deborah17@adventure-works.com","city":"Coffs Harbour","state_code":"NSW","country_code":"AU"},{"customer_id":8612,"first_name":"Meagan","last_name":"Prasad","email_address":"meagan9@adventure-works.com","city":"Coffs Har
_name":"Yuan","email_address":"roger34@adventure-works.com","city":"Lane Cove","state_code":"NSW","country_code":"AU"},{"customer_id":8624,"first_name":"Cristina","last_name":"Tang","email_address":"cristina4@adventure-works.com","city":"Newcastle","state_
h","email_address":"gregory22@adventure-works.com","city":"Chula Vista","state_code":"CA","country_code":"US"},{"customer_id":8636,"first_name":"Dawn","last_name":"Shan","email_address":"dawn34@adventure-works.com","city":"Beaverton","state_code":"OR","cou
l_address":"ian20@adventure-works.com","city":"Metchosin","state_code":"BC","country_code":"CA"},{"customer_id":8648,"first_name":"Hailey","last_name":"Sanders","email_address":"hailey20@adventure-works.com","city":"Newton","state_code":"BC","country_code"
s":"dylan19@adventure-works.com","city":"San Gabriel","state_code":"CA","country_code":"US"},{"customer_id":8660,"first_name":"Wyatt","last_name":"Robinson","email_address":"wyatt19@adventure-works.com","city":"Long Beach","state_code":"CA","country_code":
re-works.com","city":"Burbank","state_code":"CA","country_code":"US"},{"customer_id":8672,"first_name":"Michael","last_name":"Davis","email_address":"michael37@adventure-works.com","city":"Concord","state_code":"CA","country_code":"US"},{"customer_id":8673
"country_code":"US"},{"customer_id":8684,"first_name":"Marcus","last_name":"Parker","email_address":"marcus45@adventure-works.com","city":"Milwaukie","state_code":"OR","country_code":"US"},{"customer_id":8685,"first_name":"Alexandra","last_name":"Lee","ema
ate_code":"WA","country_code":"US"},{"customer_id":8696,"first_name":"Angel","last_name":"Gonzalez","email_address":"angel31@adventure-works.com","city":"Oregon City","state_code":"OR","country_code":"US"},{"customer_id":8697,"first_name":"Adam","last_name
","country_code":"US"},{"customer_id":8708,"first_name":"Cole","last_name":"Cooper","email_address":"cole10@adventure-works.com","city":"Santa Monica","state_code":"CA","country_code":"US"},{"customer_id":8709,"first_name":"April","last_name":"Luo","email_
{"customer_id":8720,"first_name":"Hunter","last_name":"Baker","email_address":"hunter42@adventure-works.com","city":"Novato","state_code":"CA","country_code":"US"},{"customer_id":8721,"first_name":"Kaitlyn","last_name":"Phillips","email_address":"kaitlyn4@
_id":8732,"first_name":"Jonathan","last_name":"Allen","email_address":"jonathan53@adventure-works.com","city":"Mill Valley","state_code":"CA","country_code":"US"},{"customer_id":8733,"first_name":"Kyle","last_name":"Hill","email_address":"kyle41@adventure-
ame":"Holly","last_name":"Rana","email_address":"holly10@adventure-works.com","city":"Bellingham","state_code":"WA","country_code":"US"},{"customer_id":8745,"first_name":"Tamara","last_name":"Cai","email_address":"tamara10@adventure-works.com","city":"Colm
"email_address":"lauren62@adventure-works.com","city":"Spokane","state_code":"WA","country_code":"US"},{"customer_id":8757,"first_name":"Nicolas","last_name":"Yuan","email_address":"nicolas4@adventure-works.com","city":"Chula Vista","state_code":"CA","coun
eley","state_code":"CA","country_code":"US"},{"customer_id":8769,"first_name":"Christopher","last_name":"Jackson","email_address":"christopher12@adventure-works.com","city":"Colma","state_code":"CA","country_code":"US"},{"customer_id":8770,"first_name":"An
Oswego","state_code":"OR","country_code":"US"},{"customer_id":8781,"first_name":"Brianna","last_name":"White","email_address":"brianna11@adventure-works.com","city":"Los Angeles","state_code":"CA","country_code":"US"},{"customer_id":8782,"first_name":"Alex
ode":"AU"},{"customer_id":8793,"first_name":"Cristina","last_name":"Nara","email_address":"cristina15@adventure-works.com","city":"North Ryde","state_code":"NSW","country_code":"AU"},{"customer_id":8794,"first_name":"Tina","last_name":"Smith","email_addres
er_id":8805,"first_name":"Cameron","last_name":"Foster","email_address":"cameron11@adventure-works.com","city":"Corvallis","state_code":"OR","country_code":"US"},{"customer_id":8806,"first_name":"Mariah","last_name":"Butler","email_address":"mariah19@adven
rst_name":"Lucas","last_name":"Brown","email_address":"lucas17@adventure-works.com","city":"Beaverton","state_code":"OR","country_code":"US"},{"customer_id":8818,"first_name":"Morgan","last_name":"Flores","email_address":"morgan82@adventure-works.com","cit
,"first_name":"Madison","last_name":"Wilson","email_address":"madison7@adventure-works.com","city":"Royal Oak","state_code":"BC","country_code":"CA"},{"customer_id":8830,"first_name":"Lucas","last_name":"Mitchell","email_address":"lucas3@adventure-works.co
st_name":"James","email_address":"jessica20@adventure-works.com","city":"Imperial Beach","state_code":"CA","country_code":"US"},{"customer_id":8842,"first_name":"Alexandria","last_name":"Jenkins","email_address":"alexandria7@adventure-works.com","city":"El
er","email_address":"eric52@adventure-works.com","city":"Lynnwood","state_code":"WA","country_code":"US"},{"customer_id":8854,"first_name":"Ricky","last_name":"Ramos","email_address":"ricky18@adventure-works.com","city":"Carson","state_code":"CA","country_
Portland","state_code":"OR","country_code":"US"},{"customer_id":8866,"first_name":"Hailey","last_name":"Butler","email_address":"hailey34@adventure-works.com","city":"Woodburn","state_code":"OR","country_code":"US"},{"customer_id":8867,"first_name":"Martin
"CA","country_code":"US"},{"customer_id":8878,"first_name":"Steve","last_name":"Zheng","email_address":"steve22@adventure-works.com","city":"Chula Vista","state_code":"CA","country_code":"US"},{"customer_id":8879,"first_name":"Morgan","last_name":"Jackson"
ustomer_id":8890,"first_name":"Catherine","last_name":"Sanders","email_address":"catherine4@adventure-works.com","city":"El Cajon","state_code":"CA","country_code":"US"},{"customer_id":8891,"first_name":"Lee","last_name":"Alvarez","email_address":"lee2@adv
mer_id":8902,"first_name":"Ronald","last_name":"Sara","email_address":"ronald12@adventure-works.com","city":"Sulzbach Taunus","state_code":"SL","country_code":"DE"},{"customer_id":8903,"first_name":"Johnny","last_name":"Pal","email_address":"johnny13@adven
name":"Jennifer","last_name":"Perez","email_address":"jennifer14@adventure-works.com","city":"Bobigny","state_code":"93","country_code":"FR"},{"customer_id":8915,"first_name":"Willie","last_name":"Ma","email_address":"willie14@adventure-works.com","city":"
ess":"madison42@adventure-works.com","city":"Kassel","state_code":"HE","country_code":"DE"},{"customer_id":8927,"first_name":"Alexandria","last_name":"Diaz","email_address":"alexandria22@adventure-works.com","city":"Cheltenham","state_code":"ENG","country_
_code":"HE","country_code":"DE"},{"customer_id":8939,"first_name":"Chelsea","last_name":"Patel","email_address":"chelsea3@adventure-works.com","city":"London","state_code":"ENG","country_code":"GB"},{"customer_id":8940,"first_name":"Alvin","last_name":"Wan
":8951,"first_name":"Ronnie","last_name":"Lu","email_address":"ronnie9@adventure-works.com","city":"Perth","state_code":"SA","country_code":"AU"},{"customer_id":8952,"first_name":"Roy","last_name":"Moreno","email_address":"roy27@adventure-works.com","city"
last_name":"Prasad","email_address":"dominic9@adventure-works.com","city":"East Brisbane","state_code":"QLD","country_code":"AU"},{"customer_id":8964,"first_name":"Geoffrey","last_name":"Fernandez","email_address":"geoffrey13@adventure-works.com","city":"P
dez","email_address":"george22@adventure-works.com","city":"Sydney","state_code":"NSW","country_code":"AU"},{"customer_id":8976,"first_name":"Brittney","last_name":"Zhang","email_address":"brittney0@adventure-works.com","city":"Hervey Bay","state_code":"QL
"jamie8@adventure-works.com","city":"Colma","state_code":"CA","country_code":"US"},{"customer_id":8988,"first_name":"Taylor","last_name":"Moore","email_address":"taylor55@adventure-works.com","city":"Newton","state_code":"BC","country_code":"CA"},{"custome
ate_code":"CA","country_code":"US"},{"customer_id":9000,"first_name":"Danielle","last_name":"Brooks","email_address":"danielle4@adventure-works.com","city":"La Jolla","state_code":"CA","country_code":"US"},{"customer_id":9001,"first_name":"Elijah","last_na
ountry_code":"US"},{"customer_id":9012,"first_name":"Eduardo","last_name":"Sanders","email_address":"eduardo70@adventure-works.com","city":"Lake Oswego","state_code":"OR","country_code":"US"},{"customer_id":9013,"first_name":"Jessica","last_name":"Robinson
US"},{"customer_id":9024,"first_name":"Edward","last_name":"Hughes","email_address":"edward60@adventure-works.com","city":"Vancouver","state_code":"BC","country_code":"CA"},{"customer_id":9025,"first_name":"Fernando","last_name":"Miller","email_address":"f
omer_id":9036,"first_name":"Cesar","last_name":"Fernandez","email_address":"cesar15@adventure-works.com","city":"Cliffside","state_code":"BC","country_code":"CA"},{"customer_id":9037,"first_name":"Kate","last_name":"Tang","email_address":"kate3@adventure-w
nnie","last_name":"Huang","email_address":"ronnie5@adventure-works.com","city":"Suresnes","state_code":"92","country_code":"FR"},{"customer_id":9049,"first_name":"Virginia","last_name":"Srini","email_address":"virginia10@adventure-works.com","city":"Birmin
n","email_address":"madison25@adventure-works.com","city":"Bobigny","state_code":"93","country_code":"FR"},{"customer_id":9061,"first_name":"Kayla","last_name":"Jackson","email_address":"kayla12@adventure-works.com","city":"Runcorn","state_code":"ENG","cou
sean38@adventure-works.com","city":"Burien","state_code":"WA","country_code":"US"},{"customer_id":9073,"first_name":"Kaitlyn","last_name":"Martinez","email_address":"kaitlyn40@adventure-works.com","city":"Everett","state_code":"WA","country_code":"US"},{"c
y Hills","state_code":"CA","country_code":"US"},{"customer_id":9085,"first_name":"Alex","last_name":"Stewart","email_address":"alex30@adventure-works.com","city":"Victoria","state_code":"BC","country_code":"CA"},{"customer_id":9086,"first_name":"Jessica","
{"customer_id":9097,"first_name":"Jonathan","last_name":"Lal","email_address":"jonathan27@adventure-works.com","city":"Shawnee","state_code":"BC","country_code":"CA"},{"customer_id":9098,"first_name":"Brittany","last_name":"Griffin","email_address":"britta
":"Glenn","last_name":"Gao","email_address":"glenn16@adventure-works.com","city":"Burien","state_code":"WA","country_code":"US"},{"customer_id":9110,"first_name":"Katelyn","last_name":"Stewart","email_address":"katelyn25@adventure-works.com","city":"Newpor
_name":"Fernando","last_name":"Hughes","email_address":"fernando54@adventure-works.com","city":"Renton","state_code":"WA","country_code":"US"},{"customer_id":9122,"first_name":"Dylan","last_name":"Butler","email_address":"dylan13@adventure-works.com","city
name":"Shen","email_address":"jenny26@adventure-works.com","city":"Berlin","state_code":"HE","country_code":"DE"},{"customer_id":9134,"first_name":"Jorge","last_name":"Li","email_address":"jorge4@adventure-works.com","city":"London","state_code":"ENG","cou
enture-works.com","city":"Poing","state_code":"SL","country_code":"DE"},{"customer_id":9146,"first_name":"Fernando","last_name":"Lee","email_address":"fernando20@adventure-works.com","city":"Chatou","state_code":"78","country_code":"FR"},{"customer_id":914
e_code":"VIC","country_code":"AU"},{"customer_id":9158,"first_name":"Riley","last_name":"Reed","email_address":"riley39@adventure-works.com","city":"Coffs Harbour","state_code":"NSW","country_code":"AU"},{"customer_id":9159,"first_name":"Rodney","last_name
ntry_code":"DE"},{"customer_id":9170,"first_name":"Garrett","last_name":"Gray","email_address":"garrett11@adventure-works.com","city":"Saarlouis","state_code":"SL","country_code":"DE"},{"customer_id":9171,"first_name":"Jerome","last_name":"Martin","email_a
irst_name":"Catherine","last_name":"Brooks","email_address":"catherine2@adventure-works.com","city":"National City","state_code":"CA","country_code":"US"},{"customer_id":9183,"first_name":"Isabelle","last_name":"Price","email_address":"isabelle0@adventure-
name":"Gray","email_address":"alyssa40@adventure-works.com","city":"Mill Valley","state_code":"CA","country_code":"US"},{"customer_id":9195,"first_name":"Connor","last_name":"Campbell","email_address":"connor36@adventure-works.com","city":"San Diego","stat
":"bryce9@adventure-works.com","city":"Beaverton","state_code":"OR","country_code":"US"},{"customer_id":9207,"first_name":"Olivia","last_name":"Murphy","email_address":"olivia31@adventure-works.com","city":"Langley","state_code":"BC","country_code":"CA"},{
re-works.com","city":"Brisbane","state_code":"QLD","country_code":"AU"},{"customer_id":9219,"first_name":"Drew","last_name":"Xie","email_address":"drew3@adventure-works.com","city":"East Brisbane","state_code":"QLD","country_code":"AU"},{"customer_id":9220
e-works.com","city":"Cranbourne","state_code":"VIC","country_code":"AU"},{"customer_id":9231,"first_name":"Gary","last_name":"Munoz","email_address":"gary18@adventure-works.com","city":"Wollongong","state_code":"NSW","country_code":"AU"},{"customer_id":923
oint","state_code":"NSW","country_code":"AU"},{"customer_id":9243,"first_name":"Christopher","last_name":"Thomas","email_address":"christopher11@adventure-works.com","city":"Sydney","state_code":"NSW","country_code":"AU"},{"customer_id":9244,"first_name":"
_code":"SA","country_code":"AU"},{"customer_id":9255,"first_name":"Dana","last_name":"Gutierrez","email_address":"dana3@adventure-works.com","city":"North Sydney","state_code":"NSW","country_code":"AU"},{"customer_id":9256,"first_name":"Stephanie","last_na
ry_code":"AU"},{"customer_id":9267,"first_name":"Summer","last_name":"Gonzalez","email_address":"summer16@adventure-works.com","city":"Hobart","state_code":"TAS","country_code":"AU"},{"customer_id":9268,"first_name":"Monica","last_name":"Garcia","email_add
st_name":"Alisha","last_name":"Oliver","email_address":"alisha36@adventure-works.com","city":"Concord","state_code":"CA","country_code":"US"},{"customer_id":9280,"first_name":"Trevor","last_name":"Henderson","email_address":"trevor4@adventure-works.com","c
:"Simmons","email_address":"austin11@adventure-works.com","city":"Santa Monica","state_code":"CA","country_code":"US"},{"customer_id":9292,"first_name":"Alexis","last_name":"Walker","email_address":"alexis20@adventure-works.com","city":"San Carlos","state_
","email_address":"tasha14@adventure-works.com","city":"Burlingame","state_code":"CA","country_code":"US"},{"customer_id":9304,"first_name":"Bryce","last_name":"Morgan","email_address":"bryce12@adventure-works.com","city":"Colma","state_code":"CA","country
venture-works.com","city":"St. Leonards","state_code":"NSW","country_code":"AU"},{"customer_id":9316,"first_name":"Devin","last_name":"Ramirez","email_address":"devin74@adventure-works.com","city":"Walla Walla","state_code":"WA","country_code":"US"},{"cust
ty":"San Carlos","state_code":"CA","country_code":"US"},{"customer_id":9328,"first_name":"Sophia","last_name":"Perez","email_address":"sophia11@adventure-works.com","city":"San Carlos","state_code":"CA","country_code":"US"},{"customer_id":9329,"first_name"
try_code":"US"},{"customer_id":9340,"first_name":"Kaitlyn","last_name":"Hughes","email_address":"kaitlyn78@adventure-works.com","city":"Long Beach","state_code":"CA","country_code":"US"},{"customer_id":9341,"first_name":"Makayla","last_name":"Kelly","email
y_code":"CA"},{"customer_id":9352,"first_name":"Maria","last_name":"Gonzalez","email_address":"maria51@adventure-works.com","city":"Bellflower","state_code":"CA","country_code":"US"},{"customer_id":9353,"first_name":"Melissa","last_name":"Foster","email_ad
customer_id":9364,"first_name":"Alexander","last_name":"Brown","email_address":"alexander6@adventure-works.com","city":"Daly City","state_code":"CA","country_code":"US"},{"customer_id":9365,"first_name":"Anna","last_name":"Jackson","email_address":"anna49@
id":9376,"first_name":"Olivia","last_name":"Perry","email_address":"olivia53@adventure-works.com","city":"Westminster","state_code":"BC","country_code":"CA"},{"customer_id":9377,"first_name":"Destiny","last_name":"Lewis","email_address":"destiny19@adventur
":"Jordan","last_name":"Adams","email_address":"jordan70@adventure-works.com","city":"Burbank","state_code":"CA","country_code":"US"},{"customer_id":9389,"first_name":"Natasha","last_name":"Gill","email_address":"natasha13@adventure-works.com","city":"Bell
z","email_address":"benjamin57@adventure-works.com","city":"Lynnwood","state_code":"WA","country_code":"US"},{"customer_id":9401,"first_name":"Sydney","last_name":"Henderson","email_address":"sydney27@adventure-works.com","city":"Fremont","state_code":"CA"
ss":"cole0@adventure-works.com","city":"El Cajon","state_code":"CA","country_code":"US"},{"customer_id":9413,"first_name":"David","last_name":"Jackson","email_address":"david70@adventure-works.com","city":"Torrance","state_code":"CA","country_code":"US"},{
ture-works.com","city":"Wollongong","state_code":"NSW","country_code":"AU"},{"customer_id":9425,"first_name":"Marie","last_name":"Romero","email_address":"marie32@adventure-works.com","city":"Warrnambool","state_code":"VIC","country_code":"AU"},{"customer_
m","city":"Lemon Grove","state_code":"CA","country_code":"US"},{"customer_id":9437,"first_name":"Anna","last_name":"Barnes","email_address":"anna27@adventure-works.com","city":"Palo Alto","state_code":"CA","country_code":"US"},{"customer_id":9438,"first_na
ater","state_code":"NSW","country_code":"AU"},{"customer_id":9449,"first_name":"J?sus","last_name":"Blanco","email_address":"j?sus14@adventure-works.com","city":"Springwood","state_code":"NSW","country_code":"AU"},{"customer_id":9450,"first_name":"Rachel",
":"CA","country_code":"US"},{"customer_id":9461,"first_name":"Wesley","last_name":"Zeng","email_address":"wesley22@adventure-works.com","city":"North Sydney","state_code":"NSW","country_code":"AU"},{"customer_id":9462,"first_name":"Mackenzie","last_name":"
WA","country_code":"US"},{"customer_id":9473,"first_name":"Edward","last_name":"Coleman","email_address":"edward54@adventure-works.com","city":"Beaverton","state_code":"OR","country_code":"US"},{"customer_id":9474,"first_name":"Mason","last_name":"Rivera",
CA"},{"customer_id":9485,"first_name":"Gabriella","last_name":"Morgan","email_address":"gabriella20@adventure-works.com","city":"Palo Alto","state_code":"CA","country_code":"US"},{"customer_id":9486,"first_name":"Richard","last_name":"Reed","email_address"
e":"US"},{"customer_id":9497,"first_name":"Jada","last_name":"Roberts","email_address":"jada17@adventure-works.com","city":"El Cajon","state_code":"CA","country_code":"US"},{"customer_id":9498,"first_name":"Francisco","last_name":"Javier Castrej?n","email_
er_id":9509,"first_name":"Logan","last_name":"Robinson","email_address":"logan70@adventure-works.com","city":"Sooke","state_code":"BC","country_code":"CA"},{"customer_id":9510,"first_name":"Alexandria","last_name":"Murphy","email_address":"alexandria37@adv
":9521,"first_name":"Cassandra","last_name":"Srini","email_address":"cassandra9@adventure-works.com","city":"Bremerton","state_code":"WA","country_code":"US"},{"customer_id":9522,"first_name":"Gina","last_name":"Carlson","email_address":"gina18@adventure-w
t_name":"Joan","last_name":"Watson","email_address":"joan10@adventure-works.com","city":"Coronado","state_code":"CA","country_code":"US"},{"customer_id":9534,"first_name":"Luis","last_name":"Perry","email_address":"luis6@adventure-works.com","city":"Downey
il_address":"dalton23@adventure-works.com","city":"Marysville","state_code":"WA","country_code":"US"},{"customer_id":9546,"first_name":"Vanessa","last_name":"Butler","email_address":"vanessa15@adventure-works.com","city":"Kirkland","state_code":"WA","count
.com","city":"Leipzig","state_code":"NW","country_code":"DE"},{"customer_id":9558,"first_name":"Lindsay","last_name":"Lal","email_address":"lindsay8@adventure-works.com","city":"Billericay","state_code":"ENG","country_code":"GB"},{"customer_id":9559,"first
"state_code":"75","country_code":"FR"},{"customer_id":9570,"first_name":"Patricia","last_name":"Patel","email_address":"patricia8@adventure-works.com","city":"Esher-Molesey","state_code":"ENG","country_code":"GB"},{"customer_id":9571,"first_name":"George",
","country_code":"FR"},{"customer_id":9582,"first_name":"Ruth","last_name":"Sanchez","email_address":"ruth24@adventure-works.com","city":"S?vres","state_code":"92","country_code":"FR"},{"customer_id":9583,"first_name":"Desiree","last_name":"Bradley","email
id":9594,"first_name":"Joel","last_name":"Jordan","email_address":"joel0@adventure-works.com","city":"Les Ulis","state_code":"91","country_code":"FR"},{"customer_id":9595,"first_name":"Arthur","last_name":"Torres","email_address":"arthur36@adventure-works.
ang","email_address":"kevin30@adventure-works.com","city":"Bendigo","state_code":"VIC","country_code":"AU"},{"customer_id":9607,"first_name":"Jocelyn","last_name":"Coleman","email_address":"jocelyn6@adventure-works.com","city":"Warrnambool","state_code":"V
s":"chloe35@adventure-works.com","city":"Cranbourne","state_code":"VIC","country_code":"AU"},{"customer_id":9619,"first_name":"Marie","last_name":"Rubio","email_address":"marie45@adventure-works.com","city":"East Brisbane","state_code":"QLD","country_code"
ss":"bonnie20@adventure-works.com","city":"North Ryde","state_code":"NSW","country_code":"AU"},{"customer_id":9631,"first_name":"Diane","last_name":"Alonso","email_address":"diane13@adventure-works.com","city":"Darlinghurst","state_code":"NSW","country_cod
a74@adventure-works.com","city":"Long Beach","state_code":"CA","country_code":"US"},{"customer_id":9643,"first_name":"Patricia","last_name":"Prasad","email_address":"patricia13@adventure-works.com","city":"Beaverton","state_code":"OR","country_code":"US"},
re-works.com","city":"San Carlos","state_code":"CA","country_code":"US"},{"customer_id":9655,"first_name":"Taylor","last_name":"Murphy","email_address":"taylor8@adventure-works.com","city":"Novato","state_code":"CA","country_code":"US"},{"customer_id":9656
k Bay","state_code":"BC","country_code":"CA"},{"customer_id":9667,"first_name":"Lacey","last_name":"Rai","email_address":"lacey7@adventure-works.com","city":"Berkeley","state_code":"CA","country_code":"US"},{"customer_id":9668,"first_name":"Jodi","last_nam
code":"US"},{"customer_id":9679,"first_name":"Martha","last_name":"Lin","email_address":"martha7@adventure-works.com","city":"Burbank","state_code":"CA","country_code":"US"},{"customer_id":9680,"first_name":"Dakota","last_name":"Jenkins","email_address":"d
mer_id":9691,"first_name":"Nathaniel","last_name":"Torres","email_address":"nathaniel5@adventure-works.com","city":"San Gabriel","state_code":"CA","country_code":"US"},{"customer_id":9692,"first_name":"Eduardo","last_name":"Smith","email_address":"eduardo0
first_name":"Oscar","last_name":"Ross","email_address":"oscar12@adventure-works.com","city":"Oakland","state_code":"CA","country_code":"US"},{"customer_id":9704,"first_name":"Seth","last_name":"White","email_address":"seth13@adventure-works.com","city":"Po
":"Beck","email_address":"christine15@adventure-works.com","city":"Leeds","state_code":"ENG","country_code":"GB"},{"customer_id":9716,"first_name":"Henry","last_name":"Kapoor","email_address":"henry3@adventure-works.com","city":"Bonn","state_code":"NW","co
rks.com","city":"Berlin","state_code":"HE","country_code":"DE"},{"customer_id":9728,"first_name":"Arturo","last_name":"Ye","email_address":"arturo10@adventure-works.com","city":"Solingen","state_code":"NW","country_code":"DE"},{"customer_id":9729,"first_na
e":"WA","country_code":"US"},{"customer_id":9740,"first_name":"Kaitlyn","last_name":"Carter","email_address":"kaitlyn8@adventure-works.com","city":"Olympia","state_code":"WA","country_code":"US"},{"customer_id":9741,"first_name":"Kathryn","last_name":"Shar
state_code":"CA","country_code":"US"},{"customer_id":9752,"first_name":"Jermaine","last_name":"Arthur","email_address":"jermaine5@adventure-works.com","city":"Bellflower","state_code":"CA","country_code":"US"},{"customer_id":9753,"first_name":"Christian","
","country_code":"US"},{"customer_id":9764,"first_name":"Lucas","last_name":"Carter","email_address":"lucas2@adventure-works.com","city":"Lake Oswego","state_code":"OR","country_code":"US"},{"customer_id":9765,"first_name":"Christian","last_name":"Taylor",
code":"CA","country_code":"US"},{"customer_id":9776,"first_name":"Bruce","last_name":"Alonso","email_address":"bruce30@adventure-works.com","city":"Bremerton","state_code":"WA","country_code":"US"},{"customer_id":9777,"first_name":"Haley","last_name":"Long
customer_id":9788,"first_name":"Bridget","last_name":"Pal","email_address":"bridget14@adventure-works.com","city":"Bremerton","state_code":"WA","country_code":"US"},{"customer_id":9789,"first_name":"Sara","last_name":"Gonzalez","email_address":"sara34@adve
eter","last_name":"Raje","email_address":"peter19@adventure-works.com","city":"Grevenbroich","state_code":"BY","country_code":"DE"},{"customer_id":9801,"first_name":"Connor","last_name":"Jenkins","email_address":"connor3@adventure-works.com","city":"Bury",
:"calvin10@adventure-works.com","city":"Warrington","state_code":"ENG","country_code":"GB"},{"customer_id":9813,"first_name":"Preston","last_name":"Prasad","email_address":"preston8@adventure-works.com","city":"North Sydney","state_code":"NSW","country_cod
nez","email_address":"troy19@adventure-works.com","city":"East Brisbane","state_code":"QLD","country_code":"AU"},{"customer_id":9825,"first_name":"Derek","last_name":"Xu","email_address":"derek5@adventure-works.com","city":"High Wycombe","state_code":"ENG"
en34@adventure-works.com","city":"Berlin","state_code":"NW","country_code":"DE"},{"customer_id":9837,"first_name":"Stanley","last_name":"Chandra","email_address":"stanley2@adventure-works.com","city":"Darmstadt","state_code":"HE","country_code":"DE"},{"cus
:"Saarlouis","state_code":"SL","country_code":"DE"},{"customer_id":9849,"first_name":"Vincent","last_name":"Liu","email_address":"vincent4@adventure-works.com","city":"Peterborough","state_code":"ENG","country_code":"GB"},{"customer_id":9850,"first_name":"
try_code":"GB"},{"customer_id":9861,"first_name":"Preston","last_name":"Lopez","email_address":"preston15@adventure-works.com","city":"Leipzig","state_code":"NW","country_code":"DE"},{"customer_id":9862,"first_name":"Nicolas","last_name":"Nara","email_addr
"Theodore","last_name":"Moreno","email_address":"theodore7@adventure-works.com","city":"Gateshead","state_code":"ENG","country_code":"GB"},{"customer_id":9874,"first_name":"Joel","last_name":"Subram","email_address":"joel12@adventure-works.com","city":"Han
Schmidt","email_address":"darren43@adventure-works.com","city":"Bobigny","state_code":"93","country_code":"FR"},{"customer_id":9886,"first_name":"Terry","last_name":"Xie","email_address":"terry6@adventure-works.com","city":"Liverpool","state_code":"ENG","c
venture-works.com","city":"Grevenbroich","state_code":"BY","country_code":"DE"},{"customer_id":9898,"first_name":"Mayra","last_name":"Sai","email_address":"mayra5@adventure-works.com","city":"Les Ulis","state_code":"91","country_code":"FR"},{"customer_id":
e":"SL","country_code":"DE"},{"customer_id":9910,"first_name":"Kelly","last_name":"Weadock","email_address":"kelly3@adventure-works.com","city":"London","state_code":"ENG","country_code":"GB"},{"customer_id":9911,"first_name":"Carolyn","last_name":"Malhotr
22,"first_name":"Melinda","last_name":"Carlson","email_address":"melinda13@adventure-works.com","city":"Gloucestershire","state_code":"ENG","country_code":"GB"},{"customer_id":9923,"first_name":"Clayton","last_name":"Wagner","email_address":"clayton1@adven
"Li","email_address":"laura10@adventure-works.com","city":"Oxford","state_code":"ENG","country_code":"GB"},{"customer_id":9935,"first_name":"Haley","last_name":"Young","email_address":"haley59@adventure-works.com","city":"Lille","state_code":"59","country_
ddress":"roger31@adventure-works.com","city":"M?nchen","state_code":"NW","country_code":"DE"},{"customer_id":9947,"first_name":"Abby","last_name":"Chandra","email_address":"abby1@adventure-works.com","city":"Paderborn","state_code":"HH","country_code":"DE"
:"Roissy en Brie","state_code":"77","country_code":"FR"},{"customer_id":9959,"first_name":"Gerald","last_name":"Alonso","email_address":"gerald16@adventure-works.com","city":"Sulzbach Taunus","state_code":"SL","country_code":"DE"},{"customer_id":9960,"firs
,"country_code":"FR"},{"customer_id":9971,"first_name":"Isaiah","last_name":"Richardson","email_address":"isaiah8@adventure-works.com","city":"Saarlouis","state_code":"SL","country_code":"DE"},{"customer_id":9972,"first_name":"Preston","last_name":"Suri","
:9983,"first_name":"Arthur","last_name":"Jim?nez","email_address":"arthur29@adventure-works.com","city":"York","state_code":"ENG","country_code":"GB"},{"customer_id":9984,"first_name":"Meredith","last_name":"Vance","email_address":"meredith2@adventure-work
me":"Autumn","last_name":"Ma","email_address":"autumn15@adventure-works.com","city":"Caloundra","state_code":"QLD","country_code":"AU"},{"customer_id":9996,"first_name":"Danny","last_name":"Suarez","email_address":"danny20@adventure-works.com","city":"Calo
0007,"first_name":"Sydney","last_name":"Young","email_address":"sydney89@adventure-works.com","city":"Frankfurt","state_code":"HE","country_code":"DE"},{"customer_id":10008,"first_name":"Nuan","last_name":"Ma","email_address":"nuan2@adventure-works.com","c
ame":"Serrano","email_address":"sheila15@adventure-works.com","city":"Birmingham","state_code":"ENG","country_code":"GB"},{"customer_id":10020,"first_name":"Monica","last_name":"Prasad","email_address":"monica10@adventure-works.com","city":"Roissy en Brie"
enture-works.com","city":"Paris","state_code":"75","country_code":"FR"},{"customer_id":10032,"first_name":"Cassie","last_name":"She","email_address":"cassie0@adventure-works.com","city":"Roncq","state_code":"59","country_code":"FR"},{"customer_id":10033,"f
":"HE","country_code":"DE"},{"customer_id":10044,"first_name":"Johnathan","last_name":"McDonald","email_address":"johnathan16@adventure-works.com","city":"Berlin","state_code":"HH","country_code":"DE"},{"customer_id":10045,"first_name":"Franklin","last_nam
ode":"FR"},{"customer_id":10056,"first_name":"Kristi","last_name":"Carlson","email_address":"kristi14@adventure-works.com","city":"Hof","state_code":"BY","country_code":"DE"},{"customer_id":10057,"first_name":"Walter","last_name":"Munoz","email_address":"w
te_code":"ENG","country_code":"GB"},{"customer_id":10068,"first_name":"Frank","last_name":"Jimenez","email_address":"frank36@adventure-works.com","city":"Lancaster","state_code":"ENG","country_code":"GB"},{"customer_id":10069,"first_name":"Lawrence","last_
R"},{"customer_id":10080,"first_name":"Lee","last_name":"Carlson","email_address":"lee17@adventure-works.com","city":"Wokingham","state_code":"ENG","country_code":"GB"},{"customer_id":10081,"first_name":"Ebony","last_name":"Lopez","email_address":"ebony17@
"},{"customer_id":10092,"first_name":"Ashley","last_name":"Jenkins","email_address":"ashley33@adventure-works.com","city":"Hamburg","state_code":"HH","country_code":"DE"},{"customer_id":10093,"first_name":"Gina","last_name":"Gutierrez","email_address":"gin
ancis","last_name":"Hernandez","email_address":"francis1@adventure-works.com","city":"Cheltenham","state_code":"ENG","country_code":"GB"},{"customer_id":10105,"first_name":"Robin","last_name":"Gutierrez","email_address":"robin7@adventure-works.com","city":
","email_address":"bobby8@adventure-works.com","city":"Grevenbroich","state_code":"BY","country_code":"DE"},{"customer_id":10117,"first_name":"Carson","last_name":"Russell","email_address":"carson19@adventure-works.com","city":"Billericay","state_code":"EN
tal20@adventure-works.com","city":"Versailles","state_code":"78","country_code":"FR"},{"customer_id":10129,"first_name":"Kenneth","last_name":"Andersen","email_address":"kenneth11@adventure-works.com","city":"Erlangen","state_code":"BY","country_code":"DE"
swego","state_code":"OR","country_code":"US"},{"customer_id":10141,"first_name":"Byron","last_name":"Diaz","email_address":"byron2@adventure-works.com","city":"Burbank","state_code":"CA","country_code":"US"},{"customer_id":10142,"first_name":"Omar","last_n
"CA","country_code":"US"},{"customer_id":10153,"first_name":"Amanda","last_name":"Hill","email_address":"amanda65@adventure-works.com","city":"Glendale","state_code":"CA","country_code":"US"},{"customer_id":10154,"first_name":"James","last_name":"Thompson"
":"CA","country_code":"US"},{"customer_id":10165,"first_name":"Troy","last_name":"Raman","email_address":"troy13@adventure-works.com","city":"Chula Vista","state_code":"CA","country_code":"US"},{"customer_id":10166,"first_name":"Sheila","last_name":"Gomez"
","state_code":"NSW","country_code":"AU"},{"customer_id":10177,"first_name":"Raul","last_name":"Chande","email_address":"raul12@adventure-works.com","city":"Milsons Point","state_code":"NSW","country_code":"AU"},{"customer_id":10178,"first_name":"Kara","la
ood","state_code":"NSW","country_code":"AU"},{"customer_id":10189,"first_name":"Clifford","last_name":"Sanchez","email_address":"clifford19@adventure-works.com","city":"Bendigo","state_code":"VIC","country_code":"AU"},{"customer_id":10190,"first_name":"Des
"state_code":"NSW","country_code":"AU"},{"customer_id":10201,"first_name":"Alison","last_name":"Kumar","email_address":"alison7@adventure-works.com","city":"Gold Coast","state_code":"QLD","country_code":"AU"},{"customer_id":10202,"first_name":"Anna","last_
ry_code":"AU"},{"customer_id":10213,"first_name":"Nicolas","last_name":"Lal","email_address":"nicolas6@adventure-works.com","city":"Hervey Bay","state_code":"QLD","country_code":"AU"},{"customer_id":10214,"first_name":"Peter","last_name":"Black","email_add
stomer_id":10225,"first_name":"Jamie","last_name":"Alan","email_address":"jamie28@adventure-works.com","city":"Townsville","state_code":"QLD","country_code":"AU"},{"customer_id":10226,"first_name":"Michele","last_name":"Jai","email_address":"michele11@adve
ry_code":"US"},{"customer_id":10237,"first_name":"Adrian","last_name":"Peterson","email_address":"adrian7@adventure-works.com","city":"Port Orchard","state_code":"WA","country_code":"US"},{"customer_id":10238,"first_name":"Luke","last_name":"Washington","e
ode":"US"},{"customer_id":10249,"first_name":"Ramon","last_name":"Li","email_address":"ramon2@adventure-works.com","city":"Gold Coast","state_code":"QLD","country_code":"AU"},{"customer_id":10250,"first_name":"Alvin","last_name":"Xu","email_address":"alvin
ustomer_id":10261,"first_name":"Ariana","last_name":"Howard","email_address":"ariana10@adventure-works.com","city":"Port Orchard","state_code":"WA","country_code":"US"},{"customer_id":10262,"first_name":"Jessica","last_name":"Kelly","email_address":"jessic
},{"customer_id":10273,"first_name":"Nicole","last_name":"Ward","email_address":"nicole39@adventure-works.com","city":"Port Hammond","state_code":"BC","country_code":"CA"},{"customer_id":10274,"first_name":"Jennifer","last_name":"Thomas","email_address":"j
me":"Cody","last_name":"Stewart","email_address":"cody22@adventure-works.com","city":"Shawnee","state_code":"BC","country_code":"CA"},{"customer_id":10286,"first_name":"Mackenzie","last_name":"Rivera","email_address":"mackenzie15@adventure-works.com","city
","last_name":"Hall","email_address":"luis53@adventure-works.com","city":"Ballard","state_code":"WA","country_code":"US"},{"customer_id":10298,"first_name":"Melanie","last_name":"Murphy","email_address":"melanie41@adventure-works.com","city":"Lake Oswego",
email_address":"kayla17@adventure-works.com","city":"Sooke","state_code":"BC","country_code":"CA"},{"customer_id":10310,"first_name":"Julia","last_name":"Anderson","email_address":"julia32@adventure-works.com","city":"San Gabriel","state_code":"CA","countr
ress":"hannah29@adventure-works.com","city":"Bellingham","state_code":"WA","country_code":"US"},{"customer_id":10322,"first_name":"Jon","last_name":"Jai","email_address":"jon7@adventure-works.com","city":"Burien","state_code":"WA","country_code":"US"},{"cu
"bailey30@adventure-works.com","city":"Langford","state_code":"BC","country_code":"CA"},{"customer_id":10334,"first_name":"Mackenzie","last_name":"Allen","email_address":"mackenzie44@adventure-works.com","city":"Woodburn","state_code":"OR","country_code":"
ty":"Lemon Grove","state_code":"CA","country_code":"US"},{"customer_id":10346,"first_name":"Kristina","last_name":"Martinez","email_address":"kristina18@adventure-works.com","city":"Cliffside","state_code":"BC","country_code":"CA"},{"customer_id":10347,"fi
emon Grove","state_code":"CA","country_code":"US"},{"customer_id":10358,"first_name":"Jada","last_name":"Nelson","email_address":"jada21@adventure-works.com","city":"Everett","state_code":"WA","country_code":"US"},{"customer_id":10359,"first_name":"Cody","
","country_code":"US"},{"customer_id":10370,"first_name":"Sarah","last_name":"Rodriguez","email_address":"sarah22@adventure-works.com","city":"San Diego","state_code":"CA","country_code":"US"},{"customer_id":10371,"first_name":"Emmanuel","last_name":"Marti
{"customer_id":10382,"first_name":"Francis","last_name":"Ruiz","email_address":"francis21@adventure-works.com","city":"Silverwater","state_code":"NSW","country_code":"AU"},{"customer_id":10383,"first_name":"Brad","last_name":"Chander","email_address":"brad
4,"first_name":"Candace","last_name":"Arun","email_address":"candace6@adventure-works.com","city":"Cranbourne","state_code":"VIC","country_code":"AU"},{"customer_id":10395,"first_name":"Gabriella","last_name":"Parker","email_address":"gabriella30@adventure
"last_name":"Shen","email_address":"bonnie7@adventure-works.com","city":"Gold Coast","state_code":"QLD","country_code":"AU"},{"customer_id":10407,"first_name":"Troy","last_name":"Chandra","email_address":"troy2@adventure-works.com","city":"Cranbourne","sta
l_address":"gabrielle13@adventure-works.com","city":"Burbank","state_code":"CA","country_code":"US"},{"customer_id":10419,"first_name":"Alicia","last_name":"Chapman","email_address":"alicia13@adventure-works.com","city":"Brisbane","state_code":"QLD","count
ella10@adventure-works.com","city":"Portland","state_code":"OR","country_code":"US"},{"customer_id":10431,"first_name":"Savannah","last_name":"Morgan","email_address":"savannah20@adventure-works.com","city":"Burbank","state_code":"CA","country_code":"US"},
edward11@adventure-works.com","city":"Port Hammond","state_code":"BC","country_code":"CA"},{"customer_id":10443,"first_name":"Savannah","last_name":"Cook","email_address":"savannah19@adventure-works.com","city":"La Jolla","state_code":"CA","country_code":"
com","city":"Cliffside","state_code":"BC","country_code":"CA"},{"customer_id":10455,"first_name":"Alvin","last_name":"Goldstein","email_address":"alvin40@adventure-works.com","city":"Concord","state_code":"CA","country_code":"US"},{"customer_id":10456,"fir
ture-works.com","city":"San Francisco","state_code":"CA","country_code":"US"},{"customer_id":10467,"first_name":"Austin","last_name":"Jones","email_address":"austin42@adventure-works.com","city":"Lake Oswego","state_code":"OR","country_code":"US"},{"custom
ure-works.com","city":"Mill Valley","state_code":"CA","country_code":"US"},{"customer_id":10479,"first_name":"Abigail","last_name":"Reed","email_address":"abigail6@adventure-works.com","city":"National City","state_code":"CA","country_code":"US"},{"custome
venture-works.com","city":"Cliffside","state_code":"BC","country_code":"CA"},{"customer_id":10491,"first_name":"Cole","last_name":"Ward","email_address":"cole5@adventure-works.com","city":"Haney","state_code":"BC","country_code":"CA"},{"customer_id":10492,
 Bay","state_code":"BC","country_code":"CA"},{"customer_id":10503,"first_name":"Morgan","last_name":"Clark","email_address":"morgan40@adventure-works.com","city":"Grossmont","state_code":"CA","country_code":"US"},{"customer_id":10504,"first_name":"Melanie"
,"country_code":"FR"},{"customer_id":10515,"first_name":"Krystal","last_name":"Zhu","email_address":"krystal14@adventure-works.com","city":"M?nchen","state_code":"HE","country_code":"DE"},{"customer_id":10516,"first_name":"Barbara","last_name":"Yuan","emai
r_id":10527,"first_name":"Jonathon","last_name":"Munoz","email_address":"jonathon4@adventure-works.com","city":"Offenbach","state_code":"SL","country_code":"DE"},{"customer_id":10528,"first_name":"Sergio","last_name":"Patel","email_address":"sergio3@advent
name":"Tara","last_name":"Luo","email_address":"tara6@adventure-works.com","city":"Bobigny","state_code":"93","country_code":"FR"},{"customer_id":10540,"first_name":"Phillip","last_name":"Raman","email_address":"phillip13@adventure-works.com","city":"Versa
l_address":"kara2@adventure-works.com","city":"Berlin","state_code":"SL","country_code":"DE"},{"customer_id":10552,"first_name":"Elijah","last_name":"Butler","email_address":"elijah18@adventure-works.com","city":"Sunbury","state_code":"VIC","country_code":
":"drew12@adventure-works.com","city":"Darlinghurst","state_code":"NSW","country_code":"AU"},{"customer_id":10564,"first_name":"Carla","last_name":"Mehta","email_address":"carla16@adventure-works.com","city":"Hawthorne","state_code":"QLD","country_code":"A
ess":"fernando19@adventure-works.com","city":"Sedro Woolley","state_code":"WA","country_code":"US"},{"customer_id":10576,"first_name":"Justin","last_name":"Foster","email_address":"justin13@adventure-works.com","city":"Fremont","state_code":"CA","country_c
e43@adventure-works.com","city":"W. Linn","state_code":"OR","country_code":"US"},{"customer_id":10588,"first_name":"Jenna","last_name":"Roberts","email_address":"jenna3@adventure-works.com","city":"Bellflower","state_code":"CA","country_code":"US"},{"custo
om","city":"Yakima","state_code":"WA","country_code":"US"},{"customer_id":10600,"first_name":"Sara","last_name":"Lopez","email_address":"sara48@adventure-works.com","city":"Salem","state_code":"OR","country_code":"US"},{"customer_id":10601,"first_name":"Al
e_code":"CA","country_code":"US"},{"customer_id":10612,"first_name":"Ethan","last_name":"Wilson","email_address":"ethan40@adventure-works.com","city":"Woodland Hills","state_code":"CA","country_code":"US"},{"customer_id":10613,"first_name":"Spencer","last_
"BC","country_code":"CA"},{"customer_id":10624,"first_name":"Connor","last_name":"Diaz","email_address":"connor16@adventure-works.com","city":"Port Orchard","state_code":"WA","country_code":"US"},{"customer_id":10625,"first_name":"Faith","last_name":"Price
,{"customer_id":10636,"first_name":"Christian","last_name":"Lewis","email_address":"christian40@adventure-works.com","city":"Palo Alto","state_code":"CA","country_code":"US"},{"customer_id":10637,"first_name":"Katherine","last_name":"Rivera","email_address
"country_code":"US"},{"customer_id":10648,"first_name":"Blake","last_name":"Brown","email_address":"blake3@adventure-works.com","city":"Bremerton","state_code":"WA","country_code":"US"},{"customer_id":10649,"first_name":"Ronnie","last_name":"Sun","email_ad
10660,"first_name":"Gabrielle","last_name":"Jenkins","email_address":"gabrielle29@adventure-works.com","city":"Haney","state_code":"BC","country_code":"CA"},{"customer_id":10661,"first_name":"Allison","last_name":"Watson","email_address":"allison7@adventur
irst_name":"Nicolas","last_name":"Jai","email_address":"nicolas9@adventure-works.com","city":"Roubaix","state_code":"59","country_code":"FR"},{"customer_id":10673,"first_name":"Craig","last_name":"Gomez","email_address":"craig3@adventure-works.com","city":
email_address":"henry2@adventure-works.com","city":"York","state_code":"ENG","country_code":"GB"},{"customer_id":10685,"first_name":"Mariah","last_name":"Bennett","email_address":"mariah5@adventure-works.com","city":"Roubaix","state_code":"59","country_cod
an38@adventure-works.com","city":"Berkeley","state_code":"CA","country_code":"US"},{"customer_id":10697,"first_name":"Gabrielle","last_name":"Watson","email_address":"gabrielle18@adventure-works.com","city":"Edmonds","state_code":"WA","country_code":"US"},
ture-works.com","city":"Issaquah","state_code":"WA","country_code":"US"},{"customer_id":10709,"first_name":"Andrea","last_name":"Brooks","email_address":"andrea2@adventure-works.com","city":"Everett","state_code":"WA","country_code":"US"},{"customer_id":10
"city":"Lebanon","state_code":"OR","country_code":"US"},{"customer_id":10721,"first_name":"Raul","last_name":"Jai","email_address":"raul10@adventure-works.com","city":"Burbank","state_code":"CA","country_code":"US"},{"customer_id":10722,"first_name":"Sara"
,"state_code":"CA","country_code":"US"},{"customer_id":10733,"first_name":"Ian","last_name":"Johnson","email_address":"ian2@adventure-works.com","city":"Newton","state_code":"BC","country_code":"CA"},{"customer_id":10734,"first_name":"Ian","last_name":"Sim
untry_code":"US"},{"customer_id":10745,"first_name":"Emma","last_name":"Perry","email_address":"emma54@adventure-works.com","city":"Colma","state_code":"CA","country_code":"US"},{"customer_id":10746,"first_name":"Isabel","last_name":"Foster","email_address
10757,"first_name":"Allison","last_name":"Carter","email_address":"allison33@adventure-works.com","city":"Santa Monica","state_code":"CA","country_code":"US"},{"customer_id":10758,"first_name":"Elijah","last_name":"Wang","email_address":"elijah26@adventure
r_id":10769,"first_name":"Cole","last_name":"Watson","email_address":"cole1@adventure-works.com","city":"Metchosin","state_code":"BC","country_code":"CA"},{"customer_id":10770,"first_name":"Michele","last_name":"Rubio","email_address":"michele54@adventure-
dro","last_name":"Gonzalez","email_address":"pedro18@adventure-works.com","city":"Concord","state_code":"CA","country_code":"US"},{"customer_id":10782,"first_name":"Jared","last_name":"Rivera","email_address":"jared18@adventure-works.com","city":"Lynnwood"
sidy","last_name":"Butler","email_address":"cassidy15@adventure-works.com","city":"Victoria","state_code":"BC","country_code":"CA"},{"customer_id":10794,"first_name":"Kaylee","last_name":"Scott","email_address":"kaylee36@adventure-works.com","city":"Oregon
ddress":"brooke19@adventure-works.com","city":"Port Orchard","state_code":"WA","country_code":"US"},{"customer_id":10806,"first_name":"Lucas","last_name":"Russell","email_address":"lucas67@adventure-works.com","city":"Renton","state_code":"WA","country_cod
enture-works.com","city":"Saarlouis","state_code":"SL","country_code":"DE"},{"customer_id":10818,"first_name":"Jerome","last_name":"Carlson","email_address":"jerome17@adventure-works.com","city":"Watford","state_code":"ENG","country_code":"GB"},{"customer_
orks.com","city":"Paderborn","state_code":"NW","country_code":"DE"},{"customer_id":10830,"first_name":"Carolyn","last_name":"Rana","email_address":"carolyn10@adventure-works.com","city":"W. York","state_code":"ENG","country_code":"GB"},{"customer_id":10831
code":"ENG","country_code":"GB"},{"customer_id":10842,"first_name":"Lindsay","last_name":"Nath","email_address":"lindsay18@adventure-works.com","city":"York","state_code":"ENG","country_code":"GB"},{"customer_id":10843,"first_name":"Neil","last_name":"Nava
first_name":"Stacy","last_name":"Gutierrez","email_address":"stacy11@adventure-works.com","city":"Saarlouis","state_code":"SL","country_code":"DE"},{"customer_id":10855,"first_name":"Theresa","last_name":"Schmidt","email_address":"theresa16@adventure-works
hryn","last_name":"Andersen","email_address":"kathryn11@adventure-works.com","city":"London","state_code":"ENG","country_code":"GB"},{"customer_id":10867,"first_name":"Shannon","last_name":"Zhu","email_address":"shannon13@adventure-works.com","city":"Cergy
:"Xu","email_address":"clarence19@adventure-works.com","city":"Coffs Harbour","state_code":"NSW","country_code":"AU"},{"customer_id":10879,"first_name":"Bryant","last_name":"Rana","email_address":"bryant10@adventure-works.com","city":"Newcastle","state_cod
il_address":"sheila10@adventure-works.com","city":"Goulburn","state_code":"NSW","country_code":"AU"},{"customer_id":10891,"first_name":"Tiffany","last_name":"Zeng","email_address":"tiffany23@adventure-works.com","city":"Darlinghurst","state_code":"NSW","co
_address":"elizabeth13@adventure-works.com","city":"Lake Oswego","state_code":"OR","country_code":"US"},{"customer_id":10903,"first_name":"Natalie","last_name":"James","email_address":"natalie20@adventure-works.com","city":"Glendale","state_code":"CA","cou
ddress":"arthur40@adventure-works.com","city":"Morangis","state_code":"91","country_code":"FR"},{"customer_id":10915,"first_name":"Emily","last_name":"Brown","email_address":"emily4@adventure-works.com","city":"Hof","state_code":"BY","country_code":"DE"},{
a33@adventure-works.com","city":"Cliffside","state_code":"BC","country_code":"CA"},{"customer_id":10927,"first_name":"Melanie","last_name":"Henderson","email_address":"melanie20@adventure-works.com","city":"Woodburn","state_code":"OR","country_code":"US"},
com","city":"San Diego","state_code":"CA","country_code":"US"},{"customer_id":10939,"first_name":"Savannah","last_name":"Hall","email_address":"savannah45@adventure-works.com","city":"Milwaukie","state_code":"OR","country_code":"US"},{"customer_id":10940,"
:"Cloverdale","state_code":"SA","country_code":"AU"},{"customer_id":10951,"first_name":"Armando","last_name":"Hernandez","email_address":"armando4@adventure-works.com","city":"Goulburn","state_code":"NSW","country_code":"AU"},{"customer_id":10952,"first_na
y":"Hawthorne","state_code":"QLD","country_code":"AU"},{"customer_id":10963,"first_name":"Kristi","last_name":"Smith","email_address":"kristi25@adventure-works.com","city":"Melton","state_code":"VIC","country_code":"AU"},{"customer_id":10964,"first_name":"
verdale","state_code":"SA","country_code":"AU"},{"customer_id":10975,"first_name":"Whitney","last_name":"Suri","email_address":"whitney0@adventure-works.com","city":"Melton","state_code":"VIC","country_code":"AU"},{"customer_id":10976,"first_name":"Alfredo
hodes","state_code":"NSW","country_code":"AU"},{"customer_id":10987,"first_name":"Kristi","last_name":"Chapman","email_address":"kristi18@adventure-works.com","city":"Findon","state_code":"SA","country_code":"AU"},{"customer_id":10988,"first_name":"Theodor
"Warrnambool","state_code":"VIC","country_code":"AU"},{"customer_id":10999,"first_name":"Erik","last_name":"Hernandez","email_address":"erik5@adventure-works.com","city":"East Brisbane","state_code":"QLD","country_code":"AU"},{"customer_id":11000,"first_na
y":"Coronado","state_code":"CA","country_code":"US"},{"customer_id":11011,"first_name":"Henry","last_name":"Lopez","email_address":"henry18@adventure-works.com","city":"Burlingame","state_code":"CA","country_code":"US"},{"customer_id":11012,"first_name":"R
ountry_code":"US"},{"customer_id":11023,"first_name":"Christopher","last_name":"Davis","email_address":"christopher5@adventure-works.com","city":"Redwood City","state_code":"CA","country_code":"US"},{"customer_id":11024,"first_name":"Rafael","last_name":"C
ode":"AU"},{"customer_id":11035,"first_name":"Seth","last_name":"Clark","email_address":"seth18@adventure-works.com","city":"Grossmont","state_code":"CA","country_code":"US"},{"customer_id":11036,"first_name":"Ryan","last_name":"Wilson","email_address":"ry
:"US"},{"customer_id":11047,"first_name":"Jasmine","last_name":"Sanders","email_address":"jasmine40@adventure-works.com","city":"Walla Walla","state_code":"WA","country_code":"US"},{"customer_id":11048,"first_name":"David","last_name":"Gonzales","email_add
stomer_id":11059,"first_name":"Jake","last_name":"Zukowski","email_address":"jake22@adventure-works.com","city":"Cliffside","state_code":"BC","country_code":"CA"},{"customer_id":11060,"first_name":"Jonathan","last_name":"Johnson","email_address":"jonathan6
st_name":"Eduardo","last_name":"Brown","email_address":"eduardo3@adventure-works.com","city":"Colma","state_code":"CA","country_code":"US"},{"customer_id":11072,"first_name":"Gabriel","last_name":"Carter","email_address":"gabriel41@adventure-works.com","ci
t_name":"Lucas","last_name":"Barnes","email_address":"lucas52@adventure-works.com","city":"Berkeley","state_code":"CA","country_code":"US"},{"customer_id":11084,"first_name":"David","last_name":"Flores","email_address":"david45@adventure-works.com","city":
son","email_address":"jared2@adventure-works.com","city":"Walla Walla","state_code":"WA","country_code":"US"},{"customer_id":11096,"first_name":"Brandon","last_name":"Perry","email_address":"brandon5@adventure-works.com","city":"Victoria","state_code":"BC"
mail_address":"olivia55@adventure-works.com","city":"Palo Alto","state_code":"CA","country_code":"US"},{"customer_id":11108,"first_name":"Michael","last_name":"Jones","email_address":"michael35@adventure-works.com","city":"Oak Bay","state_code":"BC","count
mail_address":"jennifer10@adventure-works.com","city":"Vancouver","state_code":"BC","country_code":"CA"},{"customer_id":11120,"first_name":"Hailey","last_name":"Flores","email_address":"hailey32@adventure-works.com","city":"Burlingame","state_code":"CA","c
ant","email_address":"xavier58@adventure-works.com","city":"San Diego","state_code":"CA","country_code":"US"},{"customer_id":11132,"first_name":"Jessica","last_name":"Cook","email_address":"jessica5@adventure-works.com","city":"Grossmont","state_code":"CA"
dress":"nelson7@adventure-works.com","city":"Burlingame","state_code":"CA","country_code":"US"},{"customer_id":11144,"first_name":"Summer","last_name":"Prasad","email_address":"summer8@adventure-works.com","city":"Cliffside","state_code":"BC","country_code
a6@adventure-works.com","city":"Chalk Riber","state_code":"ON","country_code":"CA"},{"customer_id":11156,"first_name":"Steve","last_name":"Cai","email_address":"steve24@adventure-works.com","city":"Sunbury","state_code":"VIC","country_code":"AU"},{"custome
"city":"Yakima","state_code":"WA","country_code":"US"},{"customer_id":11168,"first_name":"Colleen","last_name":"Yang","email_address":"colleen5@adventure-works.com","city":"Lane Cove","state_code":"NSW","country_code":"AU"},{"customer_id":11169,"first_name
acquarie","state_code":"NSW","country_code":"AU"},{"customer_id":11180,"first_name":"Abby","last_name":"Mehta","email_address":"abby11@adventure-works.com","city":"Springwood","state_code":"NSW","country_code":"AU"},{"customer_id":11181,"first_name":"Joe",
 Grove","state_code":"CA","country_code":"US"},{"customer_id":11192,"first_name":"Jack","last_name":"Adams","email_address":"jack52@adventure-works.com","city":"Seattle","state_code":"WA","country_code":"US"},{"customer_id":11193,"first_name":"Henry","last
code":"NSW","country_code":"AU"},{"customer_id":11204,"first_name":"Alisha","last_name":"Zheng","email_address":"alisha20@adventure-works.com","city":"Seaford","state_code":"VIC","country_code":"AU"},{"customer_id":11205,"first_name":"Dustin","last_name":"
_code":"AU"},{"customer_id":11216,"first_name":"Samuel","last_name":"Lal","email_address":"samuel26@adventure-works.com","city":"Lincoln Acres","state_code":"CA","country_code":"US"},{"customer_id":11217,"first_name":"Marcus","last_name":"Howard","email_ad
_code":"CA","country_code":"US"},{"customer_id":11228,"first_name":"Barbara","last_name":"Cai","email_address":"barbara30@adventure-works.com","city":"Burbank","state_code":"CA","country_code":"US"},{"customer_id":11229,"first_name":"Katelyn","last_name":"
ntry_code":"US"},{"customer_id":11240,"first_name":"Jesse","last_name":"Cook","email_address":"jesse22@adventure-works.com","city":"San Francisco","state_code":"CA","country_code":"US"},{"customer_id":11241,"first_name":"Miguel","last_name":"Powell","email
try_code":"US"},{"customer_id":11252,"first_name":"Martha","last_name":"She","email_address":"martha22@adventure-works.com","city":"Calgary","state_code":"AB","country_code":"CA"},{"customer_id":11253,"first_name":"Makayla","last_name":"Brooks","email_addr
"customer_id":11264,"first_name":"Patrick","last_name":"Blue","email_address":"patrick19@adventure-works.com","city":"Kirkland","state_code":"WA","country_code":"US"},{"customer_id":11265,"first_name":"Stephanie","last_name":"Coleman","email_address":"step
untry_code":"US"},{"customer_id":11276,"first_name":"Ian","last_name":"Bailey","email_address":"ian83@adventure-works.com","city":"Lincoln Acres","state_code":"CA","country_code":"US"},{"customer_id":11277,"first_name":"Gabriella","last_name":"Gray","email
te_code":"CA","country_code":"US"},{"customer_id":11288,"first_name":"Megan","last_name":"Griffin","email_address":"megan68@adventure-works.com","city":"Lincoln Acres","state_code":"CA","country_code":"US"},{"customer_id":11289,"first_name":"Isabel","last_
ey","state_code":"CA","country_code":"US"},{"customer_id":11300,"first_name":"Richard","last_name":"Murphy","email_address":"richard96@adventure-works.com","city":"Oak Bay","state_code":"BC","country_code":"CA"},{"customer_id":11301,"first_name":"Kaitlyn",
e":"SL","country_code":"DE"},{"customer_id":11312,"first_name":"Bruce","last_name":"Sara","email_address":"bruce9@adventure-works.com","city":"York","state_code":"ENG","country_code":"GB"},{"customer_id":11313,"first_name":"Kristi","last_name":"Mehta","ema
","last_name":"Liang","email_address":"erica16@adventure-works.com","city":"Les Ulis","state_code":"91","country_code":"FR"},{"customer_id":11325,"first_name":"Kari","last_name":"Gill","email_address":"kari34@adventure-works.com","city":"Paris La Defense",
l_address":"anthony18@adventure-works.com","city":"Kirkland","state_code":"WA","country_code":"US"},{"customer_id":11337,"first_name":"Frank","last_name":"Moreno","email_address":"frank14@adventure-works.com","city":"Burlingame","state_code":"CA","country_
ess":"abigail34@adventure-works.com","city":"West Covina","state_code":"CA","country_code":"US"},{"customer_id":11349,"first_name":"Zoe","last_name":"Torres","email_address":"zoe11@adventure-works.com","city":"Novato","state_code":"CA","country_code":"US"}
ancouver","state_code":"BC","country_code":"CA"},{"customer_id":11361,"first_name":"Caleb","last_name":"Collins","email_address":"caleb31@adventure-works.com","city":"Burien","state_code":"WA","country_code":"US"},{"customer_id":11362,"first_name":"Nathan"
ewton","state_code":"BC","country_code":"CA"},{"customer_id":11373,"first_name":"Melanie","last_name":"Perry","email_address":"melanie23@adventure-works.com","city":"San Gabriel","state_code":"CA","country_code":"US"},{"customer_id":11374,"first_name":"Gab
Newcastle upon Tyne","state_code":"ENG","country_code":"GB"},{"customer_id":11385,"first_name":"Paige","last_name":"Sanchez","email_address":"paige42@adventure-works.com","city":"Ingolstadt","state_code":"BY","country_code":"DE"},{"customer_id":11386,"firs
:"75","country_code":"FR"},{"customer_id":11397,"first_name":"Rebekah","last_name":"Patel","email_address":"rebekah3@adventure-works.com","city":"West Sussex","state_code":"ENG","country_code":"GB"},{"customer_id":11398,"first_name":"Marie","last_name":"Pa
e_code":"NSW","country_code":"AU"},{"customer_id":11409,"first_name":"Clarence","last_name":"Shan","email_address":"clarence25@adventure-works.com","city":"South Melbourne","state_code":"VIC","country_code":"AU"},{"customer_id":11410,"first_name":"Candace"
,"country_code":"FR"},{"customer_id":11421,"first_name":"Richard","last_name":"Moore","email_address":"richard48@adventure-works.com","city":"Metz","state_code":"57","country_code":"FR"},{"customer_id":11422,"first_name":"Barbara","last_name":"Sharma","ema
e":"FR"},{"customer_id":11433,"first_name":"Bridget","last_name":"Xie","email_address":"bridget4@adventure-works.com","city":"Frankfurt","state_code":"HE","country_code":"DE"},{"customer_id":11434,"first_name":"Miguel","last_name":"Hill","email_address":"m
e":"Colin","last_name":"Xie","email_address":"colin26@adventure-works.com","city":"Frankfurt","state_code":"BY","country_code":"DE"},{"customer_id":11446,"first_name":"Diane","last_name":"Suarez","email_address":"diane24@adventure-works.com","city":"Colomi
","email_address":"brittney16@adventure-works.com","city":"Warrington","state_code":"ENG","country_code":"GB"},{"customer_id":11458,"first_name":"Kimberly","last_name":"Cooper","email_address":"kimberly12@adventure-works.com","city":"Bury","state_code":"EN
enture-works.com","city":"London","state_code":"ENG","country_code":"GB"},{"customer_id":11470,"first_name":"Sabrina","last_name":"Moreno","email_address":"sabrina4@adventure-works.com","city":"Erlangen","state_code":"BY","country_code":"DE"},{"customer_id
y":"Orly","state_code":"94","country_code":"FR"},{"customer_id":11482,"first_name":"Erik","last_name":"Ortega","email_address":"erik22@adventure-works.com","city":"Stuttgart","state_code":"SL","country_code":"DE"},{"customer_id":11483,"first_name":"Cassidy
te_code":"NW","country_code":"DE"},{"customer_id":11494,"first_name":"Dwayne","last_name":"Sanz","email_address":"dwayne18@adventure-works.com","city":"M?nster","state_code":"SL","country_code":"DE"},{"customer_id":11495,"first_name":"Jon","last_name":"And
tomer_id":11506,"first_name":"Julie","last_name":"Shen","email_address":"julie6@adventure-works.com","city":"W. York","state_code":"ENG","country_code":"GB"},{"customer_id":11507,"first_name":"Brenda","last_name":"Prasad","email_address":"brenda13@adventur
_name":"Adams","email_address":"luis48@adventure-works.com","city":"Hof","state_code":"BY","country_code":"DE"},{"customer_id":11519,"first_name":"Jillian","last_name":"Sai","email_address":"jillian6@adventure-works.com","city":"Reading","state_code":"ENG"
ail_address":"ross12@adventure-works.com","city":"Lieusaint","state_code":"77","country_code":"FR"},{"customer_id":11531,"first_name":"Kelli","last_name":"Jai","email_address":"kelli34@adventure-works.com","city":"Oxon","state_code":"ENG","country_code":"G
:"stefanie15@adventure-works.com","city":"Paderborn","state_code":"HH","country_code":"DE"},{"customer_id":11543,"first_name":"Teresa","last_name":"Alvarez","email_address":"teresa5@adventure-works.com","city":"Paris","state_code":"75","country_code":"FR"}
0@adventure-works.com","city":"Oxford","state_code":"ENG","country_code":"GB"},{"customer_id":11555,"first_name":"Gilbert","last_name":"Xu","email_address":"gilbert26@adventure-works.com","city":"York","state_code":"ENG","country_code":"GB"},{"customer_id"
","state_code":"SL","country_code":"DE"},{"customer_id":11567,"first_name":"Damien","last_name":"Pal","email_address":"damien28@adventure-works.com","city":"Bracknell","state_code":"ENG","country_code":"GB"},{"customer_id":11568,"first_name":"Glenn","last_
ntry_code":"AU"},{"customer_id":11579,"first_name":"Juan","last_name":"Vazquez","email_address":"juan3@adventure-works.com","city":"Seaford","state_code":"VIC","country_code":"AU"},{"customer_id":11580,"first_name":"Kara","last_name":"Lal","email_address":
591,"first_name":"Oscar","last_name":"Hughes","email_address":"oscar19@adventure-works.com","city":"Neunkirchen","state_code":"SL","country_code":"DE"},{"customer_id":11592,"first_name":"Jon","last_name":"Becker","email_address":"jon17@adventure-works.com"
elli","last_name":"Andersen","email_address":"kelli36@adventure-works.com","city":"Wokingham","state_code":"ENG","country_code":"GB"},{"customer_id":11604,"first_name":"Autumn","last_name":"He","email_address":"autumn18@adventure-works.com","city":"Roubaix
,"email_address":"tommy7@adventure-works.com","city":"London","state_code":"ENG","country_code":"GB"},{"customer_id":11616,"first_name":"Misty","last_name":"Xu","email_address":"misty6@adventure-works.com","city":"Hannover","state_code":"NW","country_code"
ermain en Laye","state_code":"78","country_code":"FR"},{"customer_id":11628,"first_name":"Shawna","last_name":"Sharma","email_address":"shawna10@adventure-works.com","city":"Essen","state_code":"HH","country_code":"DE"},{"customer_id":11629,"first_name":"M
Solingen","state_code":"NW","country_code":"DE"},{"customer_id":11640,"first_name":"Lori","last_name":"Munoz","email_address":"lori10@adventure-works.com","city":"Gloucestershire","state_code":"ENG","country_code":"GB"},{"customer_id":11641,"first_name":"C
de":"BB","country_code":"DE"},{"customer_id":11652,"first_name":"Frederick","last_name":"Sara","email_address":"frederick9@adventure-works.com","city":"Les Ulis","state_code":"91","country_code":"FR"},{"customer_id":11653,"first_name":"Gilbert","last_name"
r_id":11664,"first_name":"Terrence","last_name":"Deng","email_address":"terrence2@adventure-works.com","city":"Boulogne-sur-Mer","state_code":"62","country_code":"FR"},{"customer_id":11665,"first_name":"Dawn","last_name":"Yang","email_address":"dawn6@adven
"email_address":"alexandra65@adventure-works.com","city":"Paris","state_code":"75","country_code":"FR"},{"customer_id":11677,"first_name":"Stefanie","last_name":"Jordan","email_address":"stefanie1@adventure-works.com","city":"Paris","state_code":"75","coun
ture-works.com","city":"London","state_code":"ENG","country_code":"GB"},{"customer_id":11689,"first_name":"Seth","last_name":"Perez","email_address":"seth39@adventure-works.com","city":"Ingolstadt","state_code":"BY","country_code":"DE"},{"customer_id":1169
","state_code":"NW","country_code":"DE"},{"customer_id":11701,"first_name":"Gina","last_name":"Serrano","email_address":"gina17@adventure-works.com","city":"Berlin","state_code":"HE","country_code":"DE"},{"customer_id":11702,"first_name":"Anne","last_name"
"DE"},{"customer_id":11713,"first_name":"Monique","last_name":"Romero","email_address":"monique5@adventure-works.com","city":"Metz","state_code":"57","country_code":"FR"},{"customer_id":11714,"first_name":"Joseph","last_name":"Miller","email_address":"jose
:"US"},{"customer_id":11725,"first_name":"Noah","last_name":"Evans","email_address":"noah27@adventure-works.com","city":"Downey","state_code":"CA","country_code":"US"},{"customer_id":11726,"first_name":"Richard","last_name":"Gonzales","email_address":"rich
r_id":11737,"first_name":"Katherine","last_name":"Morgan","email_address":"katherine8@adventure-works.com","city":"Tacoma","state_code":"WA","country_code":"US"},{"customer_id":11738,"first_name":"Heidi","last_name":"Sai","email_address":"heidi8@adventure-
749,"first_name":"Adam","last_name":"Phillips","email_address":"adam36@adventure-works.com","city":"Royal Oak","state_code":"BC","country_code":"CA"},{"customer_id":11750,"first_name":"Miranda","last_name":"Patterson","email_address":"miranda10@adventure-w
:11761,"first_name":"Hunter","last_name":"Chen","email_address":"hunter20@adventure-works.com","city":"Olympia","state_code":"WA","country_code":"US"},{"customer_id":11762,"first_name":"Eduardo","last_name":"Price","email_address":"eduardo44@adventure-work
,"last_name":"Watson","email_address":"erin4@adventure-works.com","city":"Victoria","state_code":"BC","country_code":"CA"},{"customer_id":11774,"first_name":"Autumn","last_name":"Zhang","email_address":"autumn0@adventure-works.com","city":"Bellingham","sta
kson","email_address":"nicholas12@adventure-works.com","city":"Los Angeles","state_code":"CA","country_code":"US"},{"customer_id":11786,"first_name":"Oscar","last_name":"Perry","email_address":"oscar16@adventure-works.com","city":"N. Vancouver","state_code
mail_address":"brad19@adventure-works.com","city":"Saint Ouen","state_code":"17","country_code":"FR"},{"customer_id":11798,"first_name":"Leonard","last_name":"She","email_address":"leonard1@adventure-works.com","city":"Grevenbroich","state_code":"BY","coun
ks.com","city":"West Sussex","state_code":"ENG","country_code":"GB"},{"customer_id":11810,"first_name":"Martin","last_name":"Sara","email_address":"martin15@adventure-works.com","city":"Frankfurt am Main","state_code":"SL","country_code":"DE"},{"customer_i
illeneuve-d'Ascq","state_code":"59","country_code":"FR"},{"customer_id":11822,"first_name":"Wendy","last_name":"Munoz","email_address":"wendy7@adventure-works.com","city":"Kassel","state_code":"HE","country_code":"DE"},{"customer_id":11823,"first_name":"De
gne-Billancourt","state_code":"92","country_code":"FR"},{"customer_id":11834,"first_name":"Bruce","last_name":"Prasad","email_address":"bruce8@adventure-works.com","city":"Croix","state_code":"59","country_code":"FR"},{"customer_id":11835,"first_name":"Dar
"state_code":"NSW","country_code":"AU"},{"customer_id":11846,"first_name":"Jake","last_name":"Chen","email_address":"jake2@adventure-works.com","city":"Sydney","state_code":"NSW","country_code":"AU"},{"customer_id":11847,"first_name":"Frank","last_name":"G
ntry_code":"AU"},{"customer_id":11858,"first_name":"Julio","last_name":"Romero","email_address":"julio9@adventure-works.com","city":"Warrnambool","state_code":"VIC","country_code":"AU"},{"customer_id":11859,"first_name":"Deborah","last_name":"Tang","email_
country_code":"FR"},{"customer_id":11870,"first_name":"Rafael","last_name":"Lu","email_address":"rafael12@adventure-works.com","city":"London","state_code":"ENG","country_code":"GB"},{"customer_id":11871,"first_name":"Barbara","last_name":"Chen","email_add
ustomer_id":11882,"first_name":"Wyatt","last_name":"Martinez","email_address":"wyatt18@adventure-works.com","city":"Newton","state_code":"BC","country_code":"CA"},{"customer_id":11883,"first_name":"Charles","last_name":"Jones","email_address":"charles6@adv
":11894,"first_name":"Chloe","last_name":"Miller","email_address":"chloe39@adventure-works.com","city":"Cliffside","state_code":"BC","country_code":"CA"},{"customer_id":11895,"first_name":"Danielle","last_name":"Ramirez","email_address":"danielle9@adventur
":11906,"first_name":"Joe","last_name":"Schmidt","email_address":"joe13@adventure-works.com","city":"Springwood","state_code":"NSW","country_code":"AU"},{"customer_id":11907,"first_name":"Jessie","last_name":"Moreno","email_address":"jessie4@adventure-work
rice","last_name":"She","email_address":"maurice0@adventure-works.com","city":"Warrnambool","state_code":"VIC","country_code":"AU"},{"customer_id":11919,"first_name":"Calvin","last_name":"Jai","email_address":"calvin11@adventure-works.com","city":"Brisbane
","last_name":"Davis","email_address":"isabella62@adventure-works.com","city":"Brisbane","state_code":"QLD","country_code":"AU"},{"customer_id":11931,"first_name":"Brett","last_name":"Raman","email_address":"brett11@adventure-works.com","city":"Sunbury","s
:"Bailey","email_address":"destiny32@adventure-works.com","city":"Hervey Bay","state_code":"QLD","country_code":"AU"},{"customer_id":11943,"first_name":"Brittney","last_name":"She","email_address":"brittney22@adventure-works.com","city":"Perth","state_code
","email_address":"barbara26@adventure-works.com","city":"Hobart","state_code":"TAS","country_code":"AU"},{"customer_id":11955,"first_name":"Justin","last_name":"Thompson","email_address":"justin43@adventure-works.com","city":"Townsville","state_code":"QLD
l_address":"carrie0@adventure-works.com","city":"Hawthorne","state_code":"QLD","country_code":"AU"},{"customer_id":11967,"first_name":"Jodi","last_name":"Chapman","email_address":"jodi16@adventure-works.com","city":"Warrnambool","state_code":"VIC","country
ks.com","city":"San Carlos","state_code":"CA","country_code":"US"},{"customer_id":11979,"first_name":"Devon","last_name":"Jai","email_address":"devon9@adventure-works.com","city":"St. Leonards","state_code":"NSW","country_code":"AU"},{"customer_id":11980,"
works.com","city":"Concord","state_code":"CA","country_code":"US"},{"customer_id":11991,"first_name":"Alyssa","last_name":"Stewart","email_address":"alyssa24@adventure-works.com","city":"Lincoln Acres","state_code":"CA","country_code":"US"},{"customer_id":
nture-works.com","city":"Beaverton","state_code":"OR","country_code":"US"},{"customer_id":12003,"first_name":"Arthur","last_name":"Hernandez","email_address":"arthur27@adventure-works.com","city":"Bellingham","state_code":"WA","country_code":"US"},{"custom
ity":"Goulburn","state_code":"NSW","country_code":"AU"},{"customer_id":12015,"first_name":"Cassandra","last_name":"Mehta","email_address":"cassandra15@adventure-works.com","city":"Lane Cove","state_code":"NSW","country_code":"AU"},{"customer_id":12016,"fir
Walla","state_code":"WA","country_code":"US"},{"customer_id":12027,"first_name":"Jessica","last_name":"Rogers","email_address":"jessica3@adventure-works.com","city":"Glendale","state_code":"CA","country_code":"US"},{"customer_id":12028,"first_name":"Fernan
WA","country_code":"US"},{"customer_id":12039,"first_name":"Sydney","last_name":"Reed","email_address":"sydney4@adventure-works.com","city":"Redmond","state_code":"WA","country_code":"US"},{"customer_id":12040,"first_name":"Wyatt","last_name":"Scott","emai
e":"US"},{"customer_id":12051,"first_name":"Jack","last_name":"Hall","email_address":"jack57@adventure-works.com","city":"Salem","state_code":"OR","country_code":"US"},{"customer_id":12052,"first_name":"Jesse","last_name":"Green","email_address":"jesse40@a
tomer_id":12063,"first_name":"Natalie","last_name":"Reed","email_address":"natalie4@adventure-works.com","city":"Lebanon","state_code":"OR","country_code":"US"},{"customer_id":12064,"first_name":"Jennifer","last_name":"Thompson","email_address":"jennifer43
5,"first_name":"Megan","last_name":"Flores","email_address":"megan61@adventure-works.com","city":"Royal Oak","state_code":"BC","country_code":"CA"},{"customer_id":12076,"first_name":"Rebekah","last_name":"Sandberg","email_address":"rebekah40@adventure-work
":12087,"first_name":"Tracy","last_name":"Lal","email_address":"tracy7@adventure-works.com","city":"South Melbourne","state_code":"VIC","country_code":"AU"},{"customer_id":12088,"first_name":"Clifford","last_name":"Martinez","email_address":"clifford16@adv
U"},{"customer_id":12099,"first_name":"Pedro","last_name":"Rubio","email_address":"pedro41@adventure-works.com","city":"Coffs Harbour","state_code":"NSW","country_code":"AU"},{"customer_id":12100,"first_name":"Kristi","last_name":"Suarez","email_address":"
":"US"},{"customer_id":12111,"first_name":"Mackenzie","last_name":"Gonzalez","email_address":"mackenzie30@adventure-works.com","city":"Glendale","state_code":"CA","country_code":"US"},{"customer_id":12112,"first_name":"Sara","last_name":"Wright","email_add
ry_code":"AU"},{"customer_id":12123,"first_name":"Colleen","last_name":"Zhou","email_address":"colleen9@adventure-works.com","city":"Sunbury","state_code":"VIC","country_code":"AU"},{"customer_id":12124,"first_name":"Zoe","last_name":"Kelly","email_address
{"customer_id":12135,"first_name":"Alyssa","last_name":"Robinson","email_address":"alyssa18@adventure-works.com","city":"Westminster","state_code":"BC","country_code":"CA"},{"customer_id":12136,"first_name":"Dylan","last_name":"Clark","email_address":"dyla
stomer_id":12147,"first_name":"Sarah","last_name":"Clark","email_address":"sarah21@adventure-works.com","city":"Torrance","state_code":"CA","country_code":"US"},{"customer_id":12148,"first_name":"Wyatt","last_name":"Smith","email_address":"wyatt0@adventure
":12159,"first_name":"Ana","last_name":"Patterson","email_address":"ana10@adventure-works.com","city":"Marysville","state_code":"WA","country_code":"US"},{"customer_id":12160,"first_name":"Dalton","last_name":"Phillips","email_address":"dalton40@adventure-
st_name":"Aaron","last_name":"Jai","email_address":"aaron32@adventure-works.com","city":"Burbank","state_code":"CA","country_code":"US"},{"customer_id":12172,"first_name":"Ethan","last_name":"Griffin","email_address":"ethan17@adventure-works.com","city":"C
":12183,"first_name":"Savannah","last_name":"Rivera","email_address":"savannah16@adventure-works.com","city":"El Cajon","state_code":"CA","country_code":"US"},{"customer_id":12184,"first_name":"Megan","last_name":"Davis","email_address":"megan8@adventure-w
"first_name":"Shelby","last_name":"Cook","email_address":"shelby21@adventure-works.com","city":"Daly City","state_code":"CA","country_code":"US"},{"customer_id":12196,"first_name":"Xavier","last_name":"Mohamed","email_address":"xavier86@adventure-works.com
"customer_id":12207,"first_name":"Jackson","last_name":"Lal","email_address":"jackson2@adventure-works.com","city":"West Covina","state_code":"CA","country_code":"US"},{"customer_id":12208,"first_name":"Dalton","last_name":"Baker","email_address":"dalton32
":12219,"first_name":"Alisha","last_name":"Gao","email_address":"alisha15@adventure-works.com","city":"Ingolstadt","state_code":"BY","country_code":"DE"},{"customer_id":12220,"first_name":"Alyssa","last_name":"West","email_address":"alyssa59@adventure-work
","email_address":"mya16@adventure-works.com","city":"Watford","state_code":"ENG","country_code":"GB"},{"customer_id":12232,"first_name":"Dylan","last_name":"Moore","email_address":"dylan35@adventure-works.com","city":"Metz","state_code":"57","country_code
city":"Bremerton","state_code":"WA","country_code":"US"},{"customer_id":12244,"first_name":"Jasmine","last_name":"Rogers","email_address":"jasmine23@adventure-works.com","city":"Salem","state_code":"OR","country_code":"US"},{"customer_id":12245,"first_name
ode":"CA","country_code":"US"},{"customer_id":12256,"first_name":"Xavier","last_name":"Johnson","email_address":"xavier1@adventure-works.com","city":"Langford","state_code":"BC","country_code":"CA"},{"customer_id":12257,"first_name":"Mario","last_name":"Ch
"},{"customer_id":12268,"first_name":"Juan","last_name":"James","email_address":"juan9@adventure-works.com","city":"Cliffside","state_code":"BC","country_code":"CA"},{"customer_id":12269,"first_name":"Katelyn","last_name":"Morris","email_address":"katelyn1
,{"customer_id":12280,"first_name":"Edward","last_name":"Johnson","email_address":"edward23@adventure-works.com","city":"Royal Oak","state_code":"BC","country_code":"CA"},{"customer_id":12281,"first_name":"Hannah","last_name":"Alexander","email_address":"h
:12292,"first_name":"Timothy","last_name":"Evans","email_address":"timothy25@adventure-works.com","city":"Milwaukie","state_code":"OR","country_code":"US"},{"customer_id":12293,"first_name":"Jose","last_name":"Russell","email_address":"jose14@adventure-wor
:12304,"first_name":"Connor","last_name":"Lal","email_address":"connor24@adventure-works.com","city":"Portland","state_code":"OR","country_code":"US"},{"customer_id":12305,"first_name":"Jordan","last_name":"Simmons","email_address":"jordan12@adventure-work
r_id":12316,"first_name":"Carmen","last_name":"Chandra","email_address":"carmen6@adventure-works.com","city":"South Melbourne","state_code":"VIC","country_code":"AU"},{"customer_id":12317,"first_name":"Billy","last_name":"Blanco","email_address":"billy16@a
":"Madison","last_name":"Moore","email_address":"madison8@adventure-works.com","city":"Daly City","state_code":"CA","country_code":"US"},{"customer_id":12329,"first_name":"Julian","last_name":"Butler","email_address":"julian16@adventure-works.com","city":"
ame":"Zoe","last_name":"Reed","email_address":"zoe19@adventure-works.com","city":"Burien","state_code":"WA","country_code":"US"},{"customer_id":12341,"first_name":"Mackenzie","last_name":"Collins","email_address":"mackenzie24@adventure-works.com","city":"C
:"Sanchez","email_address":"lucas88@adventure-works.com","city":"Port Hammond","state_code":"BC","country_code":"CA"},{"customer_id":12353,"first_name":"Kevin","last_name":"Mitchell","email_address":"kevin49@adventure-works.com","city":"Redmond","state_cod
s":"david53@adventure-works.com","city":"Westminster","state_code":"BC","country_code":"CA"},{"customer_id":12365,"first_name":"Natalie","last_name":"Young","email_address":"natalie67@adventure-works.com","city":"National City","state_code":"CA","country_c
","email_address":"christian10@adventure-works.com","city":"Santa Cruz","state_code":"CA","country_code":"US"},{"customer_id":12377,"first_name":"Zachary","last_name":"Flores","email_address":"zachary11@adventure-works.com","city":"Royal Oak","state_code":
email_address":"xavier49@adventure-works.com","city":"Bremerton","state_code":"WA","country_code":"US"},{"customer_id":12389,"first_name":"Ana","last_name":"Henderson","email_address":"ana5@adventure-works.com","city":"El Cajon","state_code":"CA","country_
":"keith15@adventure-works.com","city":"Berkeley","state_code":"CA","country_code":"US"},{"customer_id":12401,"first_name":"Andrew","last_name":"Lee","email_address":"andrew29@adventure-works.com","city":"Oakland","state_code":"CA","country_code":"US"},{"c
ty":"North Ryde","state_code":"NSW","country_code":"AU"},{"customer_id":12413,"first_name":"Dalton","last_name":"Coleman","email_address":"dalton51@adventure-works.com","city":"Gold Coast","state_code":"QLD","country_code":"AU"},{"customer_id":12414,"first
","state_code":"QLD","country_code":"AU"},{"customer_id":12425,"first_name":"Adriana","last_name":"Subram","email_address":"adriana14@adventure-works.com","city":"Cranbourne","state_code":"VIC","country_code":"AU"},{"customer_id":12426,"first_name":"Rachae
e":"NSW","country_code":"AU"},{"customer_id":12437,"first_name":"Tanya","last_name":"Munoz","email_address":"tanya3@adventure-works.com","city":"Milsons Point","state_code":"NSW","country_code":"AU"},{"customer_id":12438,"first_name":"Briana","last_name":"
d":12449,"first_name":"Abigail","last_name":"Peterson","email_address":"abigail19@adventure-works.com","city":"Ballard","state_code":"WA","country_code":"US"},{"customer_id":12450,"first_name":"Steven","last_name":"Peterson","email_address":"steven15@adven
{"customer_id":12461,"first_name":"Javier","last_name":"Ramos","email_address":"javier12@adventure-works.com","city":"Ballard","state_code":"WA","country_code":"US"},{"customer_id":12462,"first_name":"Rachael","last_name":"Smith","email_address":"rachael8@
first_name":"Alyssa","last_name":"Rodriguez","email_address":"alyssa20@adventure-works.com","city":"Oakland","state_code":"CA","country_code":"US"},{"customer_id":12474,"first_name":"Jesse","last_name":"James","email_address":"jesse8@adventure-works.com","
name":"Allen","email_address":"jenna22@adventure-works.com","city":"Lincoln Acres","state_code":"CA","country_code":"US"},{"customer_id":12486,"first_name":"Isabella","last_name":"Lee","email_address":"isabella78@adventure-works.com","city":"Metchosin","st
arris","email_address":"nicholas14@adventure-works.com","city":"Milwaukie","state_code":"OR","country_code":"US"},{"customer_id":12498,"first_name":"Olivia","last_name":"Bryant","email_address":"olivia63@adventure-works.com","city":"Olympia","state_code":"
","email_address":"blake2@adventure-works.com","city":"Kirkland","state_code":"WA","country_code":"US"},{"customer_id":12510,"first_name":"Faith","last_name":"Powell","email_address":"faith8@adventure-works.com","city":"Milwaukie","state_code":"OR","countr
mail_address":"richard47@adventure-works.com","city":"Salem","state_code":"OR","country_code":"US"},{"customer_id":12522,"first_name":"Alexis","last_name":"Gonzales","email_address":"alexis40@adventure-works.com","city":"Melbourne","state_code":"VIC","coun
enture-works.com","city":"Sydney","state_code":"NSW","country_code":"AU"},{"customer_id":12534,"first_name":"Rafael","last_name":"Nath","email_address":"rafael42@adventure-works.com","city":"Port Macquarie","state_code":"NSW","country_code":"AU"},{"custome
ty":"Bendigo","state_code":"VIC","country_code":"AU"},{"customer_id":12546,"first_name":"Lacey","last_name":"Liu","email_address":"lacey16@adventure-works.com","city":"Sydney","state_code":"NSW","country_code":"AU"},{"customer_id":12547,"first_name":"Kathr
WA","country_code":"US"},{"customer_id":12558,"first_name":"Victoria","last_name":"Washington","email_address":"victoria60@adventure-works.com","city":"Langford","state_code":"BC","country_code":"CA"},{"customer_id":12559,"first_name":"Dakota","last_name":
ate_code":"OR","country_code":"US"},{"customer_id":12570,"first_name":"Vanessa","last_name":"Price","email_address":"vanessa1@adventure-works.com","city":"Cranbourne","state_code":"VIC","country_code":"AU"},{"customer_id":12571,"first_name":"Deanna","last_
try_code":"US"},{"customer_id":12582,"first_name":"Jan","last_name":"Hill","email_address":"jan13@adventure-works.com","city":"Torrance","state_code":"CA","country_code":"US"},{"customer_id":12583,"first_name":"Stephanie","last_name":"Simmons","email_addre
ry_code":"CA"},{"customer_id":12594,"first_name":"Krystal","last_name":"Zhou","email_address":"krystal8@adventure-works.com","city":"Goulburn","state_code":"NSW","country_code":"AU"},{"customer_id":12595,"first_name":"Paula","last_name":"Diaz","email_addre
{"customer_id":12606,"first_name":"Deanna","last_name":"Sabella","email_address":"deanna2@adventure-works.com","city":"Salzgitter","state_code":"HE","country_code":"DE"},{"customer_id":12607,"first_name":"Kenneth","last_name":"Raje","email_address":"kennet
_name":"She","email_address":"kara1@adventure-works.com","city":"Lancaster","state_code":"ENG","country_code":"GB"},{"customer_id":12619,"first_name":"Dale","last_name":"Holt","email_address":"dale8@adventure-works.com","city":"West Sussex","state_code":"E
lfredo15@adventure-works.com","city":"London","state_code":"ENG","country_code":"GB"},{"customer_id":12631,"first_name":"Dominic","last_name":"Fernandez","email_address":"dominic16@adventure-works.com","city":"Warrington","state_code":"ENG","country_code":
ks.com","city":"Rockhampton","state_code":"QLD","country_code":"AU"},{"customer_id":12643,"first_name":"Anne","last_name":"Gutierrez","email_address":"anne12@adventure-works.com","city":"St. Leonards","state_code":"NSW","country_code":"AU"},{"customer_id":
com","city":"Sunbury","state_code":"VIC","country_code":"AU"},{"customer_id":12655,"first_name":"Alisha","last_name":"Wu","email_address":"alisha7@adventure-works.com","city":"Sydney","state_code":"NSW","country_code":"AU"},{"customer_id":12656,"first_name
y":"Newcastle","state_code":"NSW","country_code":"AU"},{"customer_id":12667,"first_name":"Olivia","last_name":"Anderson","email_address":"olivia9@adventure-works.com","city":"Tacoma","state_code":"WA","country_code":"US"},{"customer_id":12668,"first_name":
y","state_code":"CA","country_code":"US"},{"customer_id":12679,"first_name":"Kelly","last_name":"Diaz","email_address":"kelly26@adventure-works.com","city":"Lincoln Acres","state_code":"CA","country_code":"US"},{"customer_id":12680,"first_name":"Jacob","la
A","country_code":"US"},{"customer_id":12691,"first_name":"Angel","last_name":"James","email_address":"angel7@adventure-works.com","city":"Daly City","state_code":"CA","country_code":"US"},{"customer_id":12692,"first_name":"Karen","last_name":"Hu","email_a
{"customer_id":12703,"first_name":"Eduardo","last_name":"James","email_address":"eduardo66@adventure-works.com","city":"Coronado","state_code":"CA","country_code":"US"},{"customer_id":12704,"first_name":"Jacqueline","last_name":"Sanchez","email_address":"j
","country_code":"US"},{"customer_id":12715,"first_name":"Joseph","last_name":"Williams","email_address":"joseph8@adventure-works.com","city":"Salem","state_code":"OR","country_code":"US"},{"customer_id":12716,"first_name":"Isabel","last_name":"Flores","em
},{"customer_id":12727,"first_name":"Darrell","last_name":"Xie","email_address":"darrell13@adventure-works.com","city":"Burien","state_code":"WA","country_code":"US"},{"customer_id":12728,"first_name":"Bruce","last_name":"Serrano","email_address":"bruce37@
739,"first_name":"Julian","last_name":"Bennett","email_address":"julian2@adventure-works.com","city":"West Covina","state_code":"CA","country_code":"US"},{"customer_id":12740,"first_name":"Virginia","last_name":"Kapoor","email_address":"virginia2@adventure
t_name":"Serrano","email_address":"tanya13@adventure-works.com","city":"London","state_code":"ENG","country_code":"GB"},{"customer_id":12752,"first_name":"Lacey","last_name":"Lal","email_address":"lacey43@adventure-works.com","city":"Milton Keynes","state_
t_name":"Ramos","email_address":"ruben40@adventure-works.com","city":"Wokingham","state_code":"ENG","country_code":"GB"},{"customer_id":12764,"first_name":"Micheal","last_name":"Romero","email_address":"micheal4@adventure-works.com","city":"Paris La Defens
":"Harrison","email_address":"reginald18@adventure-works.com","city":"Esher-Molesey","state_code":"ENG","country_code":"GB"},{"customer_id":12776,"first_name":"Cedric","last_name":"Shan","email_address":"cedric31@adventure-works.com","city":"Oxford","state
:"Serrano","email_address":"carrie15@adventure-works.com","city":"Bellingham","state_code":"WA","country_code":"US"},{"customer_id":12788,"first_name":"Adrian","last_name":"Ward","email_address":"adrian5@adventure-works.com","city":"Berkeley","state_code":
":"julia64@adventure-works.com","city":"N. Vancouver","state_code":"BC","country_code":"CA"},{"customer_id":12800,"first_name":"Carolyn","last_name":"Chandra","email_address":"carolyn3@adventure-works.com","city":"Bellflower","state_code":"CA","country_cod
ture-works.com","city":"La Jolla","state_code":"CA","country_code":"US"},{"customer_id":12812,"first_name":"Ethan","last_name":"Powell","email_address":"ethan5@adventure-works.com","city":"San Gabriel","state_code":"CA","country_code":"US"},{"customer_id":
@adventure-works.com","city":"Portland","state_code":"OR","country_code":"US"},{"customer_id":12824,"first_name":"Samuel","last_name":"Davis","email_address":"samuel63@adventure-works.com","city":"Bellflower","state_code":"CA","country_code":"US"},{"custom
venture-works.com","city":"Renton","state_code":"WA","country_code":"US"},{"customer_id":12836,"first_name":"Marcus","last_name":"Jackson","email_address":"marcus12@adventure-works.com","city":"Grossmont","state_code":"CA","country_code":"US"},{"customer_i
:"aidan23@adventure-works.com","city":"Vancouver","state_code":"BC","country_code":"CA"},{"customer_id":12848,"first_name":"Chad","last_name":"Sharma","email_address":"chad11@adventure-works.com","city":"Beaverton","state_code":"OR","country_code":"US"},{"
nathan8@adventure-works.com","city":"Oak Bay","state_code":"BC","country_code":"CA"},{"customer_id":12860,"first_name":"Megan","last_name":"Anderson","email_address":"megan13@adventure-works.com","city":"Victoria","state_code":"BC","country_code":"CA"},{"c
.com","city":"Salem","state_code":"OR","country_code":"US"},{"customer_id":12872,"first_name":"Bailey","last_name":"Richardson","email_address":"bailey7@adventure-works.com","city":"W. Linn","state_code":"OR","country_code":"US"},{"customer_id":12873,"firs
.com","city":"National City","state_code":"CA","country_code":"US"},{"customer_id":12884,"first_name":"Jackson","last_name":"Russell","email_address":"jackson22@adventure-works.com","city":"Oakland","state_code":"CA","country_code":"US"},{"customer_id":128
Issaquah","state_code":"WA","country_code":"US"},{"customer_id":12896,"first_name":"Nicole","last_name":"Powell","email_address":"nicole57@adventure-works.com","city":"Corvallis","state_code":"OR","country_code":"US"},{"customer_id":12897,"first_name":"Meg
ry_code":"DE"},{"customer_id":12908,"first_name":"Hector","last_name":"Navarro","email_address":"hector8@adventure-works.com","city":"London","state_code":"ENG","country_code":"GB"},{"customer_id":12909,"first_name":"Max","last_name":"Sanz","email_address"
r_id":12920,"first_name":"Jordan","last_name":"Parker","email_address":"jordan36@adventure-works.com","city":"Roubaix","state_code":"59","country_code":"FR"},{"customer_id":12921,"first_name":"Arthur","last_name":"Ruiz","email_address":"arthur25@adventure-
name":"Reginald","last_name":"Ruiz","email_address":"reginald10@adventure-works.com","city":"Dunkerque","state_code":"59","country_code":"FR"},{"customer_id":12933,"first_name":"Carrie","last_name":"Jim?nez","email_address":"carrie5@adventure-works.com","c
st_name":"Cindy","last_name":"Subram","email_address":"cindy13@adventure-works.com","city":"London","state_code":"ENG","country_code":"GB"},{"customer_id":12945,"first_name":"Jenny","last_name":"Wu","email_address":"jenny9@adventure-works.com","city":"Stok
e":"Cook","email_address":"lucas84@adventure-works.com","city":"Villeneuve-d'Ascq","state_code":"59","country_code":"FR"},{"customer_id":12957,"first_name":"Morgan","last_name":"Coleman","email_address":"morgan75@adventure-works.com","city":"Ingolstadt","s
name":"Suri","email_address":"veronica0@adventure-works.com","city":"Newcastle upon Tyne","state_code":"ENG","country_code":"GB"},{"customer_id":12969,"first_name":"Caleb","last_name":"Baker","email_address":"caleb37@adventure-works.com","city":"Oxford","s
mien1@adventure-works.com","city":"Hannover","state_code":"NW","country_code":"DE"},{"customer_id":12981,"first_name":"Sergio","last_name":"Garcia","email_address":"sergio15@adventure-works.com","city":"Villeneuve-d'Ascq","state_code":"59","country_code":"
s.com","city":"Les Ulis","state_code":"91","country_code":"FR"},{"customer_id":12993,"first_name":"Bonnie","last_name":"Chande","email_address":"bonnie21@adventure-works.com","city":"Bendigo","state_code":"VIC","country_code":"AU"},{"customer_id":12994,"fi
m","city":"Silverwater","state_code":"NSW","country_code":"AU"},{"customer_id":13005,"first_name":"C?sar","last_name":"Raman","email_address":"c?sar11@adventure-works.com","city":"North Ryde","state_code":"NSW","country_code":"AU"},{"customer_id":13006,"fi
state_code":"ENG","country_code":"GB"},{"customer_id":13017,"first_name":"Karla","last_name":"Sharma","email_address":"karla10@adventure-works.com","city":"Les Ulis","state_code":"91","country_code":"FR"},{"customer_id":13018,"first_name":"Rebekah","last_n
:"DE"},{"customer_id":13029,"first_name":"Adam","last_name":"Hayes","email_address":"adam19@adventure-works.com","city":"Versailles","state_code":"78","country_code":"FR"},{"customer_id":13030,"first_name":"Haley","last_name":"Howard","email_address":"hale
l","email_address":"jennifer59@adventure-works.com","city":"Hamburg","state_code":"HH","country_code":"DE"},{"customer_id":13042,"first_name":"Chad","last_name":"Tang","email_address":"chad5@adventure-works.com","city":"Werne","state_code":"NW","country_co
l_address":"priscilla18@adventure-works.com","city":"M?nchen","state_code":"HE","country_code":"DE"},{"customer_id":13054,"first_name":"Jose","last_name":"Allen","email_address":"jose82@adventure-works.com","city":"Neunkirchen","state_code":"SL","country_c
.com","city":"London","state_code":"ENG","country_code":"GB"},{"customer_id":13066,"first_name":"Lori","last_name":"Gutierrez","email_address":"lori13@adventure-works.com","city":"Maidenhead","state_code":"ENG","country_code":"GB"},{"customer_id":13067,"fi
:"Paris","state_code":"75","country_code":"FR"},{"customer_id":13078,"first_name":"Tony","last_name":"Rai","email_address":"tony20@adventure-works.com","city":"M?nchen","state_code":"NW","country_code":"DE"},{"customer_id":13079,"first_name":"Neil","last_n
","country_code":"DE"},{"customer_id":13090,"first_name":"Dustin","last_name":"Yuan","email_address":"dustin6@adventure-works.com","city":"Colombes","state_code":"92","country_code":"FR"},{"customer_id":13091,"first_name":"Cassandra","last_name":"Perez","e
GB"},{"customer_id":13102,"first_name":"Kaitlyn","last_name":"Anderson","email_address":"kaitlyn32@adventure-works.com","city":"Watford","state_code":"ENG","country_code":"GB"},{"customer_id":13103,"first_name":"Andy","last_name":"Torres","email_address":"
"first_name":"Stephanie","last_name":"Green","email_address":"stephanie59@adventure-works.com","city":"Versailles","state_code":"78","country_code":"FR"},{"customer_id":13115,"first_name":"Kristin","last_name":"Yuan","email_address":"kristin9@adventure-wor
_name":"Tiffany","last_name":"Xu","email_address":"tiffany12@adventure-works.com","city":"Paris","state_code":"75","country_code":"FR"},{"customer_id":13127,"first_name":"Pedro","last_name":"Mehta","email_address":"pedro14@adventure-works.com","city":"Verr
ame":"Sharma","email_address":"tara9@adventure-works.com","city":"Poing","state_code":"SL","country_code":"DE"},{"customer_id":13139,"first_name":"Kristy","last_name":"Gutierrez","email_address":"kristy10@adventure-works.com","city":"Stoke-on-Trent","state
","email_address":"richard70@adventure-works.com","city":"Saint-Denis","state_code":"93","country_code":"FR"},{"customer_id":13151,"first_name":"Jack","last_name":"Campbell","email_address":"jack42@adventure-works.com","city":"Bottrop","state_code":"NW","c
"Goulburn","state_code":"NSW","country_code":"AU"},{"customer_id":13163,"first_name":"Grant","last_name":"Raje","email_address":"grant16@adventure-works.com","city":"Malabar","state_code":"NSW","country_code":"AU"},{"customer_id":13164,"first_name":"Micah"
country_code":"AU"},{"customer_id":13175,"first_name":"Keith","last_name":"Chander","email_address":"keith19@adventure-works.com","city":"Warrnambool","state_code":"VIC","country_code":"AU"},{"customer_id":13176,"first_name":"Lacey","last_name":"Luo","emai
_id":13187,"first_name":"Theodore","last_name":"Alonso","email_address":"theodore8@adventure-works.com","city":"Oxford","state_code":"ENG","country_code":"GB"},{"customer_id":13188,"first_name":"Daisy","last_name":"Serrano","email_address":"daisy11@adventu
,"first_name":"Chelsea","last_name":"Madan","email_address":"chelsea8@adventure-works.com","city":"Saint-Denis","state_code":"93","country_code":"FR"},{"customer_id":13200,"first_name":"Veronica","last_name":"Prasad","email_address":"veronica10@adventure-w
e":"Ricardo","last_name":"Shan","email_address":"ricardo10@adventure-works.com","city":"Kiel","state_code":"SL","country_code":"DE"},{"customer_id":13212,"first_name":"Sharon","last_name":"Shan","email_address":"sharon17@adventure-works.com","city":"Peterb
n","email_address":"sierra13@adventure-works.com","city":"Lebanon","state_code":"OR","country_code":"US"},{"customer_id":13224,"first_name":"Abigail","last_name":"Alexander","email_address":"abigail44@adventure-works.com","city":"Milwaukie","state_code":"O
"eduardo16@adventure-works.com","city":"West Covina","state_code":"CA","country_code":"US"},{"customer_id":13236,"first_name":"Jill","last_name":"Martinez","email_address":"jill7@adventure-works.com","city":"Langford","state_code":"BC","country_code":"CA"}
m","city":"Darlinghurst","state_code":"NSW","country_code":"AU"},{"customer_id":13248,"first_name":"George","last_name":"Sara","email_address":"george16@adventure-works.com","city":"Findon","state_code":"SA","country_code":"AU"},{"customer_id":13249,"first
ate_code":"BC","country_code":"CA"},{"customer_id":13260,"first_name":"Gavin","last_name":"Price","email_address":"gavin0@adventure-works.com","city":"Bremerton","state_code":"WA","country_code":"US"},{"customer_id":13261,"first_name":"Blake","last_name":"
SW","country_code":"AU"},{"customer_id":13272,"first_name":"Leonard","last_name":"Shen","email_address":"leonard3@adventure-works.com","city":"Caloundra","state_code":"QLD","country_code":"AU"},{"customer_id":13273,"first_name":"Martha","last_name":"Wang",
de":"AU"},{"customer_id":13284,"first_name":"Aimee","last_name":"Zheng","email_address":"aimee14@adventure-works.com","city":"Townsville","state_code":"QLD","country_code":"AU"},{"customer_id":13285,"first_name":"Melissa","last_name":"Sanders","email_addre
d":13296,"first_name":"Natalie","last_name":"Barnes","email_address":"natalie25@adventure-works.com","city":"Palo Alto","state_code":"CA","country_code":"US"},{"customer_id":13297,"first_name":"Amanda","last_name":"Gonzalez","email_address":"amanda60@adven
a","last_name":"Sara","email_address":"tina12@adventure-works.com","city":"Milsons Point","state_code":"NSW","country_code":"AU"},{"customer_id":13309,"first_name":"Destiny","last_name":"Sanders","email_address":"destiny47@adventure-works.com","city":"Wood
ame":"Clark","email_address":"benjamin56@adventure-works.com","city":"Lynnwood","state_code":"WA","country_code":"US"},{"customer_id":13321,"first_name":"Joshua","last_name":"White","email_address":"joshua14@adventure-works.com","city":"Beaverton","state_c
":"Powell","email_address":"carson7@adventure-works.com","city":"Imperial Beach","state_code":"CA","country_code":"US"},{"customer_id":13333,"first_name":"Abigail","last_name":"Thompson","email_address":"abigail56@adventure-works.com","city":"Metchosin","s
ddress":"tyler2@adventure-works.com","city":"Fremont","state_code":"CA","country_code":"US"},{"customer_id":13345,"first_name":"Wayne","last_name":"Chander","email_address":"wayne18@adventure-works.com","city":"Cliffside","state_code":"BC","country_code":"
ture-works.com","city":"Burlingame","state_code":"CA","country_code":"US"},{"customer_id":13357,"first_name":"Wesley","last_name":"Zhang","email_address":"wesley0@adventure-works.com","city":"Burbank","state_code":"CA","country_code":"US"},{"customer_id":1
s.com","city":"Seaford","state_code":"VIC","country_code":"AU"},{"customer_id":13369,"first_name":"Ebony","last_name":"Prasad","email_address":"ebony9@adventure-works.com","city":"Seaford","state_code":"VIC","country_code":"AU"},{"customer_id":13370,"first
ity":"Brisbane","state_code":"QLD","country_code":"AU"},{"customer_id":13381,"first_name":"Maurice","last_name":"Yuan","email_address":"maurice7@adventure-works.com","city":"Sunbury","state_code":"VIC","country_code":"AU"},{"customer_id":13382,"first_name"
om","city":"Spring Valley","state_code":"CA","country_code":"US"},{"customer_id":13393,"first_name":"Molly","last_name":"Prasad","email_address":"molly9@adventure-works.com","city":"Cliffside","state_code":"BC","country_code":"CA"},{"customer_id":13394,"fi
,"city":"Novato","state_code":"CA","country_code":"US"},{"customer_id":13405,"first_name":"Bryant","last_name":"Chapman","email_address":"bryant2@adventure-works.com","city":"Burlingame","state_code":"CA","country_code":"US"},{"customer_id":13406,"first_na
ure-works.com","city":"N. Vancouver","state_code":"BC","country_code":"CA"},{"customer_id":13417,"first_name":"Oscar","last_name":"Jenkins","email_address":"oscar15@adventure-works.com","city":"Salem","state_code":"OR","country_code":"US"},{"customer_id":1
orks.com","city":"City Of Commerce","state_code":"CA","country_code":"US"},{"customer_id":13429,"first_name":"Hailey","last_name":"Price","email_address":"hailey21@adventure-works.com","city":"Coronado","state_code":"CA","country_code":"US"},{"customer_id"
re-works.com","city":"Everett","state_code":"WA","country_code":"US"},{"customer_id":13441,"first_name":"Jordyn","last_name":"Hughes","email_address":"jordyn11@adventure-works.com","city":"Lincoln Acres","state_code":"CA","country_code":"US"},{"customer_id
rks.com","city":"Seattle","state_code":"WA","country_code":"US"},{"customer_id":13453,"first_name":"Megan","last_name":"Coleman","email_address":"megan56@adventure-works.com","city":"Bellingham","state_code":"WA","country_code":"US"},{"customer_id":13454,"
adventure-works.com","city":"Lavender Bay","state_code":"NSW","country_code":"AU"},{"customer_id":13465,"first_name":"Joanna","last_name":"Torres","email_address":"joanna10@adventure-works.com","city":"Newcastle","state_code":"NSW","country_code":"AU"},{"c
,"city":"Bendigo","state_code":"VIC","country_code":"AU"},{"customer_id":13477,"first_name":"Jared","last_name":"Brooks","email_address":"jared3@adventure-works.com","city":"Cranbourne","state_code":"VIC","country_code":"AU"},{"customer_id":13478,"first_na
ate_code":"BC","country_code":"CA"},{"customer_id":13489,"first_name":"Gavin","last_name":"Gonzales","email_address":"gavin15@adventure-works.com","city":"Vancouver","state_code":"BC","country_code":"CA"},{"customer_id":13490,"first_name":"Shelby","last_na
e":"CA","country_code":"US"},{"customer_id":13501,"first_name":"Seth","last_name":"Johnson","email_address":"seth1@adventure-works.com","city":"Puyallup","state_code":"WA","country_code":"US"},{"customer_id":13502,"first_name":"Victoria","last_name":"Garci
code":"US"},{"customer_id":13513,"first_name":"Adrienne","last_name":"Jim?nez","email_address":"adrienne5@adventure-works.com","city":"Burlingame","state_code":"CA","country_code":"US"},{"customer_id":13514,"first_name":"Alejandro","last_name":"Deng","emai
ustomer_id":13525,"first_name":"Megan","last_name":"Lewis","email_address":"megan24@adventure-works.com","city":"Concord","state_code":"CA","country_code":"US"},{"customer_id":13526,"first_name":"James","last_name":"Nelson","email_address":"james59@adventu
37,"first_name":"Cynthia","last_name":"Perez","email_address":"cynthia27@adventure-works.com","city":"Kassel","state_code":"HE","country_code":"DE"},{"customer_id":13538,"first_name":"Cynthia","last_name":"Saunders","email_address":"cynthia15@adventure-wor
ast_name":"Liu","email_address":"crystal6@adventure-works.com","city":"Paderborn","state_code":"NW","country_code":"DE"},{"customer_id":13550,"first_name":"Darryl","last_name":"Li","email_address":"darryl3@adventure-works.com","city":"Berkshire","state_cod
ail_address":"veronica17@adventure-works.com","city":"Metz","state_code":"57","country_code":"FR"},{"customer_id":13562,"first_name":"Megan","last_name":"Sherman","email_address":"megan2@adventure-works.com","city":"Saarbr?cken","state_code":"SL","country_
re-works.com","city":"Bonn","state_code":"NW","country_code":"DE"},{"customer_id":13574,"first_name":"Colin","last_name":"Rai","email_address":"colin40@adventure-works.com","city":"London","state_code":"ENG","country_code":"GB"},{"customer_id":13575,"first
W","country_code":"AU"},{"customer_id":13586,"first_name":"Harold","last_name":"Patel","email_address":"harold1@adventure-works.com","city":"Bendigo","state_code":"VIC","country_code":"AU"},{"customer_id":13587,"first_name":"Jerry","last_name":"Luo","email
e":"AU"},{"customer_id":13598,"first_name":"Lee","last_name":"Dominguez","email_address":"lee11@adventure-works.com","city":"Sydney","state_code":"NSW","country_code":"AU"},{"customer_id":13599,"first_name":"Irma","last_name":"Sherwood","email_address":"ir
first_name":"Jenny","last_name":"Zhang","email_address":"jenny2@adventure-works.com","city":"Geelong","state_code":"VIC","country_code":"AU"},{"customer_id":13611,"first_name":"Troy","last_name":"Kapoor","email_address":"troy1@adventure-works.com","city":"
:"Shan","email_address":"chad12@adventure-works.com","city":"Cliffside","state_code":"BC","country_code":"CA"},{"customer_id":13623,"first_name":"Blake","last_name":"Hall","email_address":"blake24@adventure-works.com","city":"Woodburn","state_code":"OR","c
ess":"xavier79@adventure-works.com","city":"W. Linn","state_code":"OR","country_code":"US"},{"customer_id":13635,"first_name":"Crystal","last_name":"He","email_address":"crystal19@adventure-works.com","city":"Bremerton","state_code":"WA","country_code":"US
city":"Burien","state_code":"WA","country_code":"US"},{"customer_id":13647,"first_name":"Juan","last_name":"Murphy","email_address":"juan25@adventure-works.com","city":"Royal Oak","state_code":"BC","country_code":"CA"},{"customer_id":13648,"first_name":"Jo
code":"WA","country_code":"US"},{"customer_id":13659,"first_name":"Jenna","last_name":"Perez","email_address":"jenna11@adventure-works.com","city":"Tacoma","state_code":"WA","country_code":"US"},{"customer_id":13660,"first_name":"Kaitlyn","last_name":"Hill
"US"},{"customer_id":13671,"first_name":"Alexandria","last_name":"Ross","email_address":"alexandria4@adventure-works.com","city":"Santa Monica","state_code":"CA","country_code":"US"},{"customer_id":13672,"first_name":"Christian","last_name":"Perry","email_
},{"customer_id":13683,"first_name":"Faith","last_name":"Rogers","email_address":"faith35@adventure-works.com","city":"Newton","state_code":"BC","country_code":"CA"},{"customer_id":13684,"first_name":"Shannon","last_name":"Alonso","email_address":"shannon2
customer_id":13695,"first_name":"Theodore","last_name":"Carlson","email_address":"theodore19@adventure-works.com","city":"Berlin","state_code":"HE","country_code":"DE"},{"customer_id":13696,"first_name":"Omar","last_name":"Zhou","email_address":"omar8@adve
,"first_name":"Virginia","last_name":"Rana","email_address":"virginia13@adventure-works.com","city":"Braunschweig","state_code":"NW","country_code":"DE"},{"customer_id":13708,"first_name":"Shaun","last_name":"Pal","email_address":"shaun13@adventure-works.c
","last_name":"Black","email_address":"terrence21@adventure-works.com","city":"Frankfurt am Main","state_code":"HH","country_code":"DE"},{"customer_id":13720,"first_name":"Susan","last_name":"Zheng","email_address":"susan30@adventure-works.com","city":"Ham
ore","email_address":"anthony17@adventure-works.com","city":"Newton","state_code":"BC","country_code":"CA"},{"customer_id":13732,"first_name":"Evan","last_name":"Mitchell","email_address":"evan36@adventure-works.com","city":"Royal Oak","state_code":"BC","c
ddress":"rachel43@adventure-works.com","city":"El Cajon","state_code":"CA","country_code":"US"},{"customer_id":13744,"first_name":"Chloe","last_name":"Coleman","email_address":"chloe72@adventure-works.com","city":"Spokane","state_code":"WA","country_code":
@adventure-works.com","city":"West Covina","state_code":"CA","country_code":"US"},{"customer_id":13756,"first_name":"Sean","last_name":"Scott","email_address":"sean44@adventure-works.com","city":"Oak Bay","state_code":"BC","country_code":"CA"},{"customer_i
ture-works.com","city":"Tacoma","state_code":"WA","country_code":"US"},{"customer_id":13768,"first_name":"Lauren","last_name":"Jackson","email_address":"lauren30@adventure-works.com","city":"Walla Walla","state_code":"WA","country_code":"US"},{"customer_id
","state_code":"BC","country_code":"CA"},{"customer_id":13780,"first_name":"Morgan","last_name":"Lee","email_address":"morgan43@adventure-works.com","city":"Marysville","state_code":"WA","country_code":"US"},{"customer_id":13781,"first_name":"Courtney","la
A","country_code":"US"},{"customer_id":13792,"first_name":"Teresa","last_name":"Ortega","email_address":"teresa21@adventure-works.com","city":"Burien","state_code":"WA","country_code":"US"},{"customer_id":13793,"first_name":"Clifford","last_name":"Malhotra
","country_code":"US"},{"customer_id":13804,"first_name":"Anna","last_name":"Diaz","email_address":"anna47@adventure-works.com","city":"Lebanon","state_code":"OR","country_code":"US"},{"customer_id":13805,"first_name":"Tonya","last_name":"Raji","email_addr
"customer_id":13816,"first_name":"Victoria","last_name":"Clark","email_address":"victoria18@adventure-works.com","city":"Chula Vista","state_code":"CA","country_code":"US"},{"customer_id":13817,"first_name":"Lauren","last_name":"Perry","email_address":"lau
st_name":"Alexander","last_name":"Martinez","email_address":"alexander21@adventure-works.com","city":"La Jolla","state_code":"CA","country_code":"US"},{"customer_id":13829,"first_name":"Brooke","last_name":"Reed","email_address":"brooke18@adventure-works.c
"Tamara","last_name":"Goldberg","email_address":"tamara29@adventure-works.com","city":"Berlin","state_code":"HE","country_code":"DE"},{"customer_id":13841,"first_name":"Marco","last_name":"Sai","email_address":"marco6@adventure-works.com","city":"Cheltenha
mail_address":"leslie22@adventure-works.com","city":"Berks","state_code":"ENG","country_code":"GB"},{"customer_id":13853,"first_name":"Carla","last_name":"Martinez","email_address":"carla20@adventure-works.com","city":"Watford","state_code":"ENG","country_
":"Saint Ouen","state_code":"17","country_code":"FR"},{"customer_id":13865,"first_name":"Jeffery","last_name":"Sun","email_address":"jeffery13@adventure-works.com","city":"Berlin","state_code":"SL","country_code":"DE"},{"customer_id":13866,"first_name":"As
E"},{"customer_id":13877,"first_name":"Jarrod","last_name":"Subram","email_address":"jarrod13@adventure-works.com","city":"Sulzbach Taunus","state_code":"SL","country_code":"DE"},{"customer_id":13878,"first_name":"Mandy","last_name":"Zhao","email_address":
889,"first_name":"Roy","last_name":"Srini","email_address":"roy9@adventure-works.com","city":"Melbourne","state_code":"VIC","country_code":"AU"},{"customer_id":13890,"first_name":"Kelli","last_name":"She","email_address":"kelli23@adventure-works.com","city
name":"Perez","email_address":"ebony21@adventure-works.com","city":"North Ryde","state_code":"NSW","country_code":"AU"},{"customer_id":13902,"first_name":"Clarence","last_name":"She","email_address":"clarence16@adventure-works.com","city":"Newcastle","stat
_address":"krystal3@adventure-works.com","city":"Geelong","state_code":"VIC","country_code":"AU"},{"customer_id":13914,"first_name":"Kelsey","last_name":"Lal","email_address":"kelsey8@adventure-works.com","city":"St. Leonards","state_code":"NSW","country_c
venture-works.com","city":"Hobart","state_code":"TAS","country_code":"AU"},{"customer_id":13926,"first_name":"Erick","last_name":"Perez","email_address":"erick21@adventure-works.com","city":"Chula Vista","state_code":"CA","country_code":"US"},{"customer_id
y":"Oregon City","state_code":"OR","country_code":"US"},{"customer_id":13938,"first_name":"Jordan","last_name":"Evans","email_address":"jordan29@adventure-works.com","city":"Burien","state_code":"WA","country_code":"US"},{"customer_id":13939,"first_name":"
y","state_code":"CA","country_code":"US"},{"customer_id":13950,"first_name":"Devin","last_name":"Howard","email_address":"devin79@adventure-works.com","city":"Kirkland","state_code":"WA","country_code":"US"},{"customer_id":13951,"first_name":"Stephanie","l
,"country_code":"CA"},{"customer_id":13962,"first_name":"Alexandra","last_name":"Bennett","email_address":"alexandra24@adventure-works.com","city":"Walla Walla","state_code":"WA","country_code":"US"},{"customer_id":13963,"first_name":"Jonathan","last_name"
code":"US"},{"customer_id":13974,"first_name":"Arianna","last_name":"Rivera","email_address":"arianna39@adventure-works.com","city":"Long Beach","state_code":"CA","country_code":"US"},{"customer_id":13975,"first_name":"Eduardo","last_name":"Carter","email_
US"},{"customer_id":13986,"first_name":"Jenna","last_name":"Phillips","email_address":"jenna5@adventure-works.com","city":"Torrance","state_code":"CA","country_code":"US"},{"customer_id":13987,"first_name":"Isabelle","last_name":"Griffin","email_address":"
ode":"US"},{"customer_id":13998,"first_name":"Melvin","last_name":"Kumar","email_address":"melvin8@adventure-works.com","city":"Burlingame","state_code":"CA","country_code":"US"},{"customer_id":13999,"first_name":"Olivia","last_name":"Martinez","email_addr
tomer_id":14010,"first_name":"Natasha","last_name":"Alonso","email_address":"natasha7@adventure-works.com","city":"Caloundra","state_code":"QLD","country_code":"AU"},{"customer_id":14011,"first_name":"Misty","last_name":"Kumar","email_address":"misty9@adve
code":"AU"},{"customer_id":14022,"first_name":"Edwin","last_name":"Sharma","email_address":"edwin32@adventure-works.com","city":"Coffs Harbour","state_code":"NSW","country_code":"AU"},{"customer_id":14023,"first_name":"Patricia","last_name":"Perez","email_
y":"Sydney","state_code":"NSW","country_code":"AU"},{"customer_id":14034,"first_name":"Omar","last_name":"Zhu","email_address":"omar13@adventure-works.com","city":"Malabar","state_code":"NSW","country_code":"AU"},{"customer_id":14035,"first_name":"Anne","l
de":"US"},{"customer_id":14046,"first_name":"Paige","last_name":"Russell","email_address":"paige19@adventure-works.com","city":"Bellingham","state_code":"WA","country_code":"US"},{"customer_id":14047,"first_name":"Caleb","last_name":"Long","email_address":
58,"first_name":"Jerome","last_name":"Gomez","email_address":"jerome1@adventure-works.com","city":"Townsville","state_code":"QLD","country_code":"AU"},{"customer_id":14059,"first_name":"Corey","last_name":"Raji","email_address":"corey18@adventure-works.com
t_name":"Lori","last_name":"Ortega","email_address":"lori22@adventure-works.com","city":"Burien","state_code":"WA","country_code":"US"},{"customer_id":14071,"first_name":"Melody","last_name":"Alvarez","email_address":"melody5@adventure-works.com","city":"C
name":"Melanie","last_name":"Morris","email_address":"melanie43@adventure-works.com","city":"Fremont","state_code":"CA","country_code":"US"},{"customer_id":14083,"first_name":"William","last_name":"Martinez","email_address":"william12@adventure-works.com",
n","email_address":"madison33@adventure-works.com","city":"Newton","state_code":"BC","country_code":"CA"},{"customer_id":14095,"first_name":"Charles","last_name":"Thomas","email_address":"charles14@adventure-works.com","city":"Vancouver","state_code":"BC",
ail_address":"warren6@adventure-works.com","city":"Concord","state_code":"CA","country_code":"US"},{"customer_id":14107,"first_name":"Micah","last_name":"Gao","email_address":"micah2@adventure-works.com","city":"East Brisbane","state_code":"QLD","country_c
dy15@adventure-works.com","city":"Malabar","state_code":"NSW","country_code":"AU"},{"customer_id":14119,"first_name":"Gerald","last_name":"Diaz","email_address":"gerald11@adventure-works.com","city":"Lane Cove","state_code":"NSW","country_code":"AU"},{"cus
ure-works.com","city":"St. Leonards","state_code":"NSW","country_code":"AU"},{"customer_id":14131,"first_name":"Micah","last_name":"Huang","email_address":"micah16@adventure-works.com","city":"North Ryde","state_code":"NSW","country_code":"AU"},{"customer_
works.com","city":"London","state_code":"ENG","country_code":"GB"},{"customer_id":14143,"first_name":"Regina","last_name":"Ray","email_address":"regina10@adventure-works.com","city":"Paris","state_code":"75","country_code":"FR"},{"customer_id":14144,"first
:"ryan8@adventure-works.com","city":"Port Orchard","state_code":"WA","country_code":"US"},{"customer_id":14155,"first_name":"Clinton","last_name":"Serrano","email_address":"clinton13@adventure-works.com","city":"Burbank","state_code":"CA","country_code":"U
mail_address":"ashley4@adventure-works.com","city":"Bellflower","state_code":"CA","country_code":"US"},{"customer_id":14167,"first_name":"Miguel","last_name":"Jenkins","email_address":"miguel53@adventure-works.com","city":"Newport Beach","state_code":"CA",
ail_address":"alberto2@adventure-works.com","city":"Cliffside","state_code":"BC","country_code":"CA"},{"customer_id":14179,"first_name":"Jasmine","last_name":"Kelly","email_address":"jasmine39@adventure-works.com","city":"Edmonds","state_code":"WA","countr
works.com","city":"Bremerton","state_code":"WA","country_code":"US"},{"customer_id":14191,"first_name":"Allison","last_name":"Morris","email_address":"allison18@adventure-works.com","city":"Woodburn","state_code":"OR","country_code":"US"},{"customer_id":14
:"Daly City","state_code":"CA","country_code":"US"},{"customer_id":14203,"first_name":"Jonathan","last_name":"King","email_address":"jonathan49@adventure-works.com","city":"Milwaukie","state_code":"OR","country_code":"US"},{"customer_id":14204,"first_name"
code":"SA","country_code":"AU"},{"customer_id":14215,"first_name":"Roger","last_name":"Chander","email_address":"roger43@adventure-works.com","city":"Cloverdale","state_code":"SA","country_code":"AU"},{"customer_id":14216,"first_name":"Natalie","last_name"
_code":"AU"},{"customer_id":14227,"first_name":"Robert","last_name":"Kumar","email_address":"robert40@adventure-works.com","city":"Goulburn","state_code":"NSW","country_code":"AU"},{"customer_id":14228,"first_name":"Jaime","last_name":"Gutierrez","email_ad
try_code":"AU"},{"customer_id":14239,"first_name":"Kristopher","last_name":"Madan","email_address":"kristopher7@adventure-works.com","city":"St. Leonards","state_code":"NSW","country_code":"AU"},{"customer_id":14240,"first_name":"Isabella","last_name":"Bar
ountry_code":"AU"},{"customer_id":14251,"first_name":"Anthony","last_name":"Walker","email_address":"anthony9@adventure-works.com","city":"Gold Coast","state_code":"QLD","country_code":"AU"},{"customer_id":14252,"first_name":"Toni","last_name":"Rodriguez",
,{"customer_id":14263,"first_name":"Andre","last_name":"Chandra","email_address":"andre2@adventure-works.com","city":"Melton","state_code":"VIC","country_code":"AU"},{"customer_id":14264,"first_name":"Audrey","last_name":"Carlson","email_address":"audrey20
5,"first_name":"Samantha","last_name":"Henderson","email_address":"samantha30@adventure-works.com","city":"Marysville","state_code":"WA","country_code":"US"},{"customer_id":14276,"first_name":"Christina","last_name":"Watson","email_address":"christina0@adv
stomer_id":14287,"first_name":"Zachary","last_name":"Powell","email_address":"zachary7@adventure-works.com","city":"Torrance","state_code":"CA","country_code":"US"},{"customer_id":14288,"first_name":"Paige","last_name":"Sanders","email_address":"paige26@ad
E"},{"customer_id":14299,"first_name":"Cedric","last_name":"He","email_address":"cedric18@adventure-works.com","city":"High Wycombe","state_code":"ENG","country_code":"GB"},{"customer_id":14300,"first_name":"Hector","last_name":"Romero","email_address":"he
r_id":14311,"first_name":"Janelle","last_name":"Kapoor","email_address":"janelle1@adventure-works.com","city":"M?hlheim","state_code":"HH","country_code":"DE"},{"customer_id":14312,"first_name":"Laura","last_name":"Zhang","email_address":"laura7@adventure-
t_name":"Perez","email_address":"tina23@adventure-works.com","city":"Berlin","state_code":"SL","country_code":"DE"},{"customer_id":14324,"first_name":"Lance","last_name":"Diaz","email_address":"lance3@adventure-works.com","city":"Hamburg","state_code":"HH"
address":"marcus67@adventure-works.com","city":"Edmonds","state_code":"WA","country_code":"US"},{"customer_id":14336,"first_name":"Cesar","last_name":"Rodriguez","email_address":"cesar19@adventure-works.com","city":"Cliffside","state_code":"BC","country_co
n32@adventure-works.com","city":"Olympia","state_code":"WA","country_code":"US"},{"customer_id":14348,"first_name":"Judith","last_name":"Reed","email_address":"judith5@adventure-works.com","city":"Haney","state_code":"BC","country_code":"CA"},{"customer_id
rks.com","city":"Woodburn","state_code":"OR","country_code":"US"},{"customer_id":14360,"first_name":"Alex","last_name":"Young","email_address":"alex47@adventure-works.com","city":"Long Beach","state_code":"CA","country_code":"US"},{"customer_id":14361,"fir
ane","state_code":"WA","country_code":"US"},{"customer_id":14372,"first_name":"Renee","last_name":"Gomez","email_address":"renee1@adventure-works.com","city":"Cliffside","state_code":"BC","country_code":"CA"},{"customer_id":14373,"first_name":"Carrie","las
","country_code":"US"},{"customer_id":14384,"first_name":"Nathan","last_name":"Walker","email_address":"nathan59@adventure-works.com","city":"Issaquah","state_code":"WA","country_code":"US"},{"customer_id":14385,"first_name":"Maria","last_name":"Cooper","e
customer_id":14396,"first_name":"Paige","last_name":"Flores","email_address":"paige11@adventure-works.com","city":"Sedro Woolley","state_code":"WA","country_code":"US"},{"customer_id":14397,"first_name":"Xavier","last_name":"Ramirez","email_address":"xavie
omer_id":14408,"first_name":"Tony","last_name":"Anand","email_address":"tony24@adventure-works.com","city":"Clackamas","state_code":"OR","country_code":"US"},{"customer_id":14409,"first_name":"Karen","last_name":"Zhao","email_address":"karen20@adventure-wo
,"first_name":"Hunter","last_name":"King","email_address":"hunter43@adventure-works.com","city":"Bellflower","state_code":"CA","country_code":"US"},{"customer_id":14421,"first_name":"Jordan","last_name":"Scott","email_address":"jordan42@adventure-works.com
me":"Ann","last_name":"Sanchez","email_address":"ann25@adventure-works.com","city":"Burlingame","state_code":"CA","country_code":"US"},{"customer_id":14433,"first_name":"Kellie","last_name":"Gomez","email_address":"kellie1@adventure-works.com","city":"Cama
acey","last_name":"Huang","email_address":"stacey6@adventure-works.com","city":"Berlin","state_code":"HE","country_code":"DE"},{"customer_id":14445,"first_name":"Meagan","last_name":"Martinez","email_address":"meagan17@adventure-works.com","city":"Frankfur
eng","email_address":"jorge22@adventure-works.com","city":"Frankfurt am Main","state_code":"HH","country_code":"DE"},{"customer_id":14457,"first_name":"Kelvin","last_name":"Cai","email_address":"kelvin40@adventure-works.com","city":"Bobigny","state_code":"
n","email_address":"troy8@adventure-works.com","city":"W. York","state_code":"ENG","country_code":"GB"},{"customer_id":14469,"first_name":"Krista","last_name":"Suarez","email_address":"krista18@adventure-works.com","city":"M?nchen","state_code":"HH","count
ress":"bobby12@adventure-works.com","city":"Saint Ouen","state_code":"80","country_code":"FR"},{"customer_id":14481,"first_name":"Miguel","last_name":"Thomas","email_address":"miguel10@adventure-works.com","city":"Kirkby","state_code":"ENG","country_code":
orks.com","city":"Verrieres Le Buisson","state_code":"91","country_code":"FR"},{"customer_id":14493,"first_name":"Gabriella","last_name":"Sanchez","email_address":"gabriella25@adventure-works.com","city":"Werne","state_code":"NW","country_code":"DE"},{"cus
works.com","city":"Paris","state_code":"75","country_code":"FR"},{"customer_id":14505,"first_name":"Calvin","last_name":"Sutton","email_address":"calvin4@adventure-works.com","city":"Bonn","state_code":"HH","country_code":"DE"},{"customer_id":14506,"first_
ntry_code":"FR"},{"customer_id":14517,"first_name":"Cheryl","last_name":"Hernandez","email_address":"cheryl5@adventure-works.com","city":"Sulzbach Taunus","state_code":"SL","country_code":"DE"},{"customer_id":14518,"first_name":"Christina","last_name":"Coo
omer_id":14529,"first_name":"Alexandria","last_name":"Butler","email_address":"alexandria14@adventure-works.com","city":"Ingolstadt","state_code":"BY","country_code":"DE"},{"customer_id":14530,"first_name":"Jared","last_name":"Sanders","email_address":"jar
irst_name":"Rodney","last_name":"Alonso","email_address":"rodney4@adventure-works.com","city":"Les Ulis","state_code":"91","country_code":"FR"},{"customer_id":14542,"first_name":"Gary","last_name":"Hernandez","email_address":"gary14@adventure-works.com","c
","last_name":"Ward","email_address":"riley32@adventure-works.com","city":"Werne","state_code":"NW","country_code":"DE"},{"customer_id":14554,"first_name":"Brett","last_name":"Srini","email_address":"brett8@adventure-works.com","city":"York","state_code":"
:"Nelson","email_address":"fernando34@adventure-works.com","city":"Wollongong","state_code":"NSW","country_code":"AU"},{"customer_id":14566,"first_name":"Kevin","last_name":"Perez","email_address":"kevin40@adventure-works.com","city":"Sunbury","state_code"
last_name":"She","email_address":"deborah4@adventure-works.com","city":"Oxford","state_code":"ENG","country_code":"GB"},{"customer_id":14578,"first_name":"Elijah","last_name":"Wright","email_address":"elijah44@adventure-works.com","city":"Peterborough","st
e":"Pal","email_address":"jerry13@adventure-works.com","city":"Pantin","state_code":"93","country_code":"FR"},{"customer_id":14590,"first_name":"Lydia","last_name":"Perez","email_address":"lydia19@adventure-works.com","city":"Solingen","state_code":"NW","c
nture-works.com","city":"Paris","state_code":"75","country_code":"FR"},{"customer_id":14602,"first_name":"Grace","last_name":"Morgan","email_address":"grace29@adventure-works.com","city":"Solingen","state_code":"NW","country_code":"DE"},{"customer_id":1460
":"Maidenhead","state_code":"ENG","country_code":"GB"},{"customer_id":14614,"first_name":"Erik","last_name":"Ruiz","email_address":"erik3@adventure-works.com","city":"Paris","state_code":"75","country_code":"FR"},{"customer_id":14615,"first_name":"Deanna",
de":"WA","country_code":"US"},{"customer_id":14626,"first_name":"Krystal","last_name":"Cai","email_address":"krystal21@adventure-works.com","city":"Hamburg","state_code":"HH","country_code":"DE"},{"customer_id":14627,"first_name":"Janet","last_name":"Diaz"
,{"customer_id":14638,"first_name":"Raquel","last_name":"Moreno","email_address":"raquel4@adventure-works.com","city":"York","state_code":"ENG","country_code":"GB"},{"customer_id":14639,"first_name":"Dale","last_name":"Tang","email_address":"dale3@adventur
,"last_name":"Morgan","email_address":"trinity19@adventure-works.com","city":"Villeneuve-d'Ascq","state_code":"59","country_code":"FR"},{"customer_id":14651,"first_name":"Jillian","last_name":"Srini","email_address":"jillian9@adventure-works.com","city":"B
"manuel4@adventure-works.com","city":"Paris La Defense","state_code":"92","country_code":"FR"},{"customer_id":14663,"first_name":"Andre","last_name":"Kapoor","email_address":"andre1@adventure-works.com","city":"Paris","state_code":"75","country_code":"FR"}
lay-en-France","state_code":"93","country_code":"FR"},{"customer_id":14675,"first_name":"Reginald","last_name":"Navarro","email_address":"reginald17@adventure-works.com","city":"M?nchen","state_code":"HH","country_code":"DE"},{"customer_id":14676,"first_na
e","state_code":"NW","country_code":"DE"},{"customer_id":14687,"first_name":"Naomi","last_name":"Hernandez","email_address":"naomi3@adventure-works.com","city":"High Wycombe","state_code":"ENG","country_code":"GB"},{"customer_id":14688,"first_name":"Jade",
,"country_code":"FR"},{"customer_id":14699,"first_name":"Ariana","last_name":"Murphy","email_address":"ariana13@adventure-works.com","city":"Saint-Denis","state_code":"93","country_code":"FR"},{"customer_id":14700,"first_name":"Marcus","last_name":"Kelly",
y_code":"AU"},{"customer_id":14711,"first_name":"Diana","last_name":"Gill","email_address":"diana13@adventure-works.com","city":"Lavender Bay","state_code":"NSW","country_code":"AU"},{"customer_id":14712,"first_name":"Mario","last_name":"Luo","email_addres
},{"customer_id":14723,"first_name":"Noah","last_name":"Mitchell","email_address":"noah38@adventure-works.com","city":"Saint Germain en Laye","state_code":"78","country_code":"FR"},{"customer_id":14724,"first_name":"Kate","last_name":"Nara","email_address"
customer_id":14735,"first_name":"Alvin","last_name":"Zheng","email_address":"alvin18@adventure-works.com","city":"Berlin","state_code":"HH","country_code":"DE"},{"customer_id":14736,"first_name":"Suzanne","last_name":"Wu","email_address":"suzanne8@adventur
e":"Lindsay","last_name":"Simpson","email_address":"lindsay2@adventure-works.com","city":"High Wycombe","state_code":"ENG","country_code":"GB"},{"customer_id":14748,"first_name":"Marshall","last_name":"Xu","email_address":"marshall11@adventure-works.com","
ie","last_name":"Gutierrez","email_address":"leslie12@adventure-works.com","city":"Hamburg","state_code":"HH","country_code":"DE"},{"customer_id":14760,"first_name":"Savannah","last_name":"Kelly","email_address":"savannah1@adventure-works.com","city":"Sain
rst_name":"Reginald","last_name":"Blanco","email_address":"reginald1@adventure-works.com","city":"Boulogne-sur-Mer","state_code":"62","country_code":"FR"},{"customer_id":14772,"first_name":"Gabriella","last_name":"Rivera","email_address":"gabriella15@adven
me":"Marshall","last_name":"Gao","email_address":"marshall14@adventure-works.com","city":"London","state_code":"ENG","country_code":"GB"},{"customer_id":14784,"first_name":"Omar","last_name":"Sun","email_address":"omar12@adventure-works.com","city":"London
"last_name":"Tang","email_address":"kristin6@adventure-works.com","city":"Duesseldorf","state_code":"HE","country_code":"DE"},{"customer_id":14796,"first_name":"Marie","last_name":"Gomez","email_address":"marie25@adventure-works.com","city":"Neunkirchen","
ess":"dwayne12@adventure-works.com","city":"Bobigny","state_code":"93","country_code":"FR"},{"customer_id":14808,"first_name":"Kaitlin","last_name":"Lopez","email_address":"kaitlin15@adventure-works.com","city":"Paris","state_code":"75","country_code":"FR"
s":"aaron46@adventure-works.com","city":"Brisbane","state_code":"QLD","country_code":"AU"},{"customer_id":14820,"first_name":"Carlos","last_name":"Morgan","email_address":"carlos15@adventure-works.com","city":"Townsville","state_code":"QLD","country_code":
enture-works.com","city":"Goulburn","state_code":"NSW","country_code":"AU"},{"customer_id":14832,"first_name":"Sebastian","last_name":"Torres","email_address":"sebastian5@adventure-works.com","city":"Gold Coast","state_code":"QLD","country_code":"AU"},{"cu
-works.com","city":"Newport Beach","state_code":"CA","country_code":"US"},{"customer_id":14844,"first_name":"Hunter","last_name":"Perez","email_address":"hunter32@adventure-works.com","city":"Puyallup","state_code":"WA","country_code":"US"},{"customer_id":
rks.com","city":"Burlingame","state_code":"CA","country_code":"US"},{"customer_id":14856,"first_name":"Dylan","last_name":"Diaz","email_address":"dylan21@adventure-works.com","city":"Bellingham","state_code":"WA","country_code":"US"},{"customer_id":14857,"
e-works.com","city":"W. Linn","state_code":"OR","country_code":"US"},{"customer_id":14868,"first_name":"Carlos","last_name":"Carter","email_address":"carlos38@adventure-works.com","city":"Woodland Hills","state_code":"CA","country_code":"US"},{"customer_id
-works.com","city":"Los Angeles","state_code":"CA","country_code":"US"},{"customer_id":14880,"first_name":"Alyssa","last_name":"Wood","email_address":"alyssa48@adventure-works.com","city":"Mill Valley","state_code":"CA","country_code":"US"},{"customer_id":
m","city":"Burlingame","state_code":"CA","country_code":"US"},{"customer_id":14892,"first_name":"Brandon","last_name":"Johnson","email_address":"brandon38@adventure-works.com","city":"Woodland Hills","state_code":"CA","country_code":"US"},{"customer_id":14
adventure-works.com","city":"Redmond","state_code":"WA","country_code":"US"},{"customer_id":14904,"first_name":"Marshall","last_name":"Rai","email_address":"marshall38@adventure-works.com","city":"Bellingham","state_code":"WA","country_code":"US"},{"custom
orks.com","city":"Seattle","state_code":"WA","country_code":"US"},{"customer_id":14916,"first_name":"Paige","last_name":"Bryant","email_address":"paige17@adventure-works.com","city":"Seattle","state_code":"WA","country_code":"US"},{"customer_id":14917,"fir
ity":"Newcastle","state_code":"NSW","country_code":"AU"},{"customer_id":14928,"first_name":"Tiffany","last_name":"Guo","email_address":"tiffany18@adventure-works.com","city":"North Sydney","state_code":"NSW","country_code":"AU"},{"customer_id":14929,"first
isbane","state_code":"QLD","country_code":"AU"},{"customer_id":14940,"first_name":"Willie","last_name":"Tang","email_address":"willie23@adventure-works.com","city":"Sunbury","state_code":"VIC","country_code":"AU"},{"customer_id":14941,"first_name":"Gerald"
te_code":"WA","country_code":"US"},{"customer_id":14952,"first_name":"Anthony","last_name":"Anderson","email_address":"anthony19@adventure-works.com","city":"Beverly Hills","state_code":"CA","country_code":"US"},{"customer_id":14953,"first_name":"Jon","las
nwood","state_code":"WA","country_code":"US"},{"customer_id":14964,"first_name":"Charles","last_name":"Morris","email_address":"charles66@adventure-works.com","city":"Kirkland","state_code":"WA","country_code":"US"},{"customer_id":14965,"first_name":"Chris
":"Glendale","state_code":"CA","country_code":"US"},{"customer_id":14976,"first_name":"Ebony","last_name":"Gutierrez","email_address":"ebony33@adventure-works.com","city":"Bremerton","state_code":"WA","country_code":"US"},{"customer_id":14977,"first_name":
lley","state_code":"WA","country_code":"US"},{"customer_id":14988,"first_name":"Hunter","last_name":"Kumar","email_address":"hunter23@adventure-works.com","city":"Bellflower","state_code":"CA","country_code":"US"},{"customer_id":14989,"first_name":"Victor"
"state_code":"WA","country_code":"US"},{"customer_id":15000,"first_name":"Joshua","last_name":"Thompson","email_address":"joshua17@adventure-works.com","city":"Westminster","state_code":"BC","country_code":"CA"},{"customer_id":15001,"first_name":"Connor","
state_code":"WA","country_code":"US"},{"customer_id":15012,"first_name":"Daisuke","last_name":"Yanagishima","email_address":"daisuke0@adventure-works.com","city":"Burlingame","state_code":"CA","country_code":"US"},{"customer_id":15013,"first_name":"Mark","
ane","state_code":"QLD","country_code":"AU"},{"customer_id":15024,"first_name":"Crystal","last_name":"Huang","email_address":"crystal8@adventure-works.com","city":"Gold Coast","state_code":"QLD","country_code":"AU"},{"customer_id":15025,"first_name":"Jill"
,"country_code":"AU"},{"customer_id":15036,"first_name":"Shannon","last_name":"Vazquez","email_address":"shannon36@adventure-works.com","city":"South Melbourne","state_code":"VIC","country_code":"AU"},{"customer_id":15037,"first_name":"Haley","last_name":"
"US"},{"customer_id":15048,"first_name":"Ashley","last_name":"Hall","email_address":"ashley25@adventure-works.com","city":"Issaquah","state_code":"WA","country_code":"US"},{"customer_id":15049,"first_name":"Brad","last_name":"Oliver","email_address":"brad1
first_name":"Andrew","last_name":"Anderson","email_address":"andrew19@adventure-works.com","city":"Palo Alto","state_code":"CA","country_code":"US"},{"customer_id":15061,"first_name":"Kyle","last_name":"Edwards","email_address":"kyle31@adventure-works.com"
"Brittany","last_name":"Henderson","email_address":"brittany4@adventure-works.com","city":"Concord","state_code":"CA","country_code":"US"},{"customer_id":15073,"first_name":"Kelli","last_name":"Zhang","email_address":"kelli0@adventure-works.com","city":"Be
,"last_name":"Smith","email_address":"alyssa0@adventure-works.com","city":"San Gabriel","state_code":"CA","country_code":"US"},{"customer_id":15085,"first_name":"Luke","last_name":"Jenkins","email_address":"luke25@adventure-works.com","city":"Spring Valley
ress":"trinity2@adventure-works.com","city":"Shawnee","state_code":"BC","country_code":"CA"},{"customer_id":15097,"first_name":"Kevin","last_name":"Wright","email_address":"kevin55@adventure-works.com","city":"Burbank","state_code":"CA","country_code":"US"
dventure-works.com","city":"Newport Beach","state_code":"CA","country_code":"US"},{"customer_id":15109,"first_name":"Dylan","last_name":"Thompson","email_address":"dylan45@adventure-works.com","city":"San Gabriel","state_code":"CA","country_code":"US"},{"c
@adventure-works.com","city":"Beverly Hills","state_code":"CA","country_code":"US"},{"customer_id":15121,"first_name":"Miguel","last_name":"Lewis","email_address":"miguel21@adventure-works.com","city":"Chula Vista","state_code":"CA","country_code":"US"},{"
18@adventure-works.com","city":"Sunbury","state_code":"VIC","country_code":"AU"},{"customer_id":15133,"first_name":"Shelby","last_name":"Ward","email_address":"shelby13@adventure-works.com","city":"Cranbourne","state_code":"VIC","country_code":"AU"},{"cust
nture-works.com","city":"Lavender Bay","state_code":"NSW","country_code":"AU"},{"customer_id":15145,"first_name":"Cassidy","last_name":"Russell","email_address":"cassidy21@adventure-works.com","city":"Sunbury","state_code":"VIC","country_code":"AU"},{"cust
","city":"Lane Cove","state_code":"NSW","country_code":"AU"},{"customer_id":15157,"first_name":"Shannon","last_name":"Cai","email_address":"shannon20@adventure-works.com","city":"Port Macquarie","state_code":"NSW","country_code":"AU"},{"customer_id":15158,
y":"St. Leonards","state_code":"NSW","country_code":"AU"},{"customer_id":15169,"first_name":"Ian","last_name":"Campbell","email_address":"ian37@adventure-works.com","city":"Edmonds","state_code":"WA","country_code":"US"},{"customer_id":15170,"first_name":"
":"Goulburn","state_code":"NSW","country_code":"AU"},{"customer_id":15181,"first_name":"Jonathan","last_name":"Butler","email_address":"jonathan14@adventure-works.com","city":"Newton","state_code":"BC","country_code":"CA"},{"customer_id":15182,"first_name"
SW","country_code":"AU"},{"customer_id":15193,"first_name":"Noah","last_name":"Hill","email_address":"noah39@adventure-works.com","city":"Hervey Bay","state_code":"QLD","country_code":"AU"},{"customer_id":15194,"first_name":"Luis","last_name":"Edwards","em
"CA","country_code":"US"},{"customer_id":15205,"first_name":"Christy","last_name":"Gao","email_address":"christy13@adventure-works.com","city":"Port Macquarie","state_code":"NSW","country_code":"AU"},{"customer_id":15206,"first_name":"Julio","last_name":"A
"GB"},{"customer_id":15217,"first_name":"Ebony","last_name":"Subram","email_address":"ebony13@adventure-works.com","city":"London","state_code":"ENG","country_code":"GB"},{"customer_id":15218,"first_name":"Pedro","last_name":"Blanco","email_address":"pedro
"Carolyn","last_name":"Perez","email_address":"carolyn21@adventure-works.com","city":"Poing","state_code":"SL","country_code":"DE"},{"customer_id":15230,"first_name":"Cara","last_name":"Ye","email_address":"cara6@adventure-works.com","city":"Hamburg","stat
","email_address":"katelyn22@adventure-works.com","city":"Port Orchard","state_code":"WA","country_code":"US"},{"customer_id":15242,"first_name":"James","last_name":"Lal","email_address":"james45@adventure-works.com","city":"Palo Alto","state_code":"CA","c
mail_address":"morgan38@adventure-works.com","city":"Lincoln Acres","state_code":"CA","country_code":"US"},{"customer_id":15254,"first_name":"Dalton","last_name":"Wright","email_address":"dalton26@adventure-works.com","city":"Salem","state_code":"OR","coun
"elijah3@adventure-works.com","city":"West Covina","state_code":"CA","country_code":"US"},{"customer_id":15266,"first_name":"Tammy","last_name":"Lopez","email_address":"tammy17@adventure-works.com","city":"Beaverton","state_code":"OR","country_code":"US"},
om","city":"Beaverton","state_code":"OR","country_code":"US"},{"customer_id":15278,"first_name":"Jacqueline","last_name":"Hughes","email_address":"jacqueline12@adventure-works.com","city":"Kirkland","state_code":"WA","country_code":"US"},{"customer_id":152
,"city":"Burbank","state_code":"CA","country_code":"US"},{"customer_id":15290,"first_name":"Samuel","last_name":"Simmons","email_address":"samuel14@adventure-works.com","city":"Burlingame","state_code":"CA","country_code":"US"},{"customer_id":15291,"first_
code":"CA","country_code":"US"},{"customer_id":15302,"first_name":"Isaiah","last_name":"Hall","email_address":"isaiah46@adventure-works.com","city":"Lakewood","state_code":"CA","country_code":"US"},{"customer_id":15303,"first_name":"James","last_name":"Jac
_code":"US"},{"customer_id":15314,"first_name":"Dalton","last_name":"Simmons","email_address":"dalton61@adventure-works.com","city":"Lemon Grove","state_code":"CA","country_code":"US"},{"customer_id":15315,"first_name":"Angel","last_name":"Murphy","email_a
de":"US"},{"customer_id":15326,"first_name":"Tyler","last_name":"Robinson","email_address":"tyler16@adventure-works.com","city":"Spokane","state_code":"WA","country_code":"US"},{"customer_id":15327,"first_name":"Trevor","last_name":"Washington","email_addr
stomer_id":15338,"first_name":"Jennifer","last_name":"Gonzalez","email_address":"jennifer20@adventure-works.com","city":"Bremerton","state_code":"WA","country_code":"US"},{"customer_id":15339,"first_name":"Anna","last_name":"Coleman","email_address":"anna3
:"CA"},{"customer_id":15350,"first_name":"Adam","last_name":"Lopez","email_address":"adam42@adventure-works.com","city":"Spokane","state_code":"WA","country_code":"US"},{"customer_id":15351,"first_name":"Gabrielle","last_name":"King","email_address":"gabri
5362,"first_name":"Ebony","last_name":"Suarez","email_address":"ebony40@adventure-works.com","city":"London","state_code":"ENG","country_code":"GB"},{"customer_id":15363,"first_name":"Joy","last_name":"Torres","email_address":"joy13@adventure-works.com","c
me":"Mariah","last_name":"Reed","email_address":"mariah43@adventure-works.com","city":"Oak Bay","state_code":"BC","country_code":"CA"},{"customer_id":15375,"first_name":"Bradley","last_name":"Pal","email_address":"bradley14@adventure-works.com","city":"Mel
","email_address":"javier3@adventure-works.com","city":"Eilenburg","state_code":"BB","country_code":"DE"},{"customer_id":15387,"first_name":"Kelli","last_name":"Zhao","email_address":"kelli11@adventure-works.com","city":"Newcastle upon Tyne","state_code":"
enture-works.com","city":"Oxford","state_code":"ENG","country_code":"GB"},{"customer_id":15399,"first_name":"Ian","last_name":"Watson","email_address":"ian65@adventure-works.com","city":"York","state_code":"ENG","country_code":"GB"},{"customer_id":15400,"f
te_code":"ENG","country_code":"GB"},{"customer_id":15411,"first_name":"Franklin","last_name":"Goel","email_address":"franklin36@adventure-works.com","city":"Saint Germain en Laye","state_code":"78","country_code":"FR"},{"customer_id":15412,"first_name":"Ma
U"},{"customer_id":15423,"first_name":"Pedro","last_name":"Suri","email_address":"pedro0@adventure-works.com","city":"Warrnambool","state_code":"VIC","country_code":"AU"},{"customer_id":15424,"first_name":"Hector","last_name":"Gutierrez","email_address":"h
er_id":15435,"first_name":"Mallory","last_name":"Romero","email_address":"mallory16@adventure-works.com","city":"Sydney","state_code":"NSW","country_code":"AU"},{"customer_id":15436,"first_name":"Yolanda","last_name":"Goel","email_address":"yolanda18@adven
47,"first_name":"Jamie","last_name":"MuÂ±oz","email_address":"jamie31@adventure-works.com","city":"Milsons Point","state_code":"NSW","country_code":"AU"},{"customer_id":15448,"first_name":"Noah","last_name":"Russell","email_address":"noah17@adventure-works
e":"Ryan","last_name":"Moore","email_address":"ryan47@adventure-works.com","city":"Daly City","state_code":"CA","country_code":"US"},{"customer_id":15460,"first_name":"Angelica","last_name":"Hayes","email_address":"angelica22@adventure-works.com","city":"P
e":"Marcus","last_name":"Cooper","email_address":"marcus84@adventure-works.com","city":"Mill Valley","state_code":"CA","country_code":"US"},{"customer_id":15472,"first_name":"Edward","last_name":"Perez","email_address":"edward14@adventure-works.com","city"
ydney","last_name":"Hill","email_address":"sydney63@adventure-works.com","city":"Royal Oak","state_code":"BC","country_code":"CA"},{"customer_id":15484,"first_name":"Taylor","last_name":"Ward","email_address":"taylor15@adventure-works.com","city":"Downey",
"Nicholas","last_name":"White","email_address":"nicholas13@adventure-works.com","city":"Coronado","state_code":"CA","country_code":"US"},{"customer_id":15496,"first_name":"Allison","last_name":"Baker","email_address":"allison39@adventure-works.com","city":
uth","last_name":"Srini","email_address":"ruth13@adventure-works.com","city":"Ballard","state_code":"WA","country_code":"US"},{"customer_id":15508,"first_name":"Abhijit","last_name":"Thakur","email_address":"abhijit0@adventure-works.com","city":"Burien","s
":"Lee","email_address":"marcus23@adventure-works.com","city":"Long Beach","state_code":"CA","country_code":"US"},{"customer_id":15520,"first_name":"Brianna","last_name":"Wood","email_address":"brianna49@adventure-works.com","city":"Torrance","state_code":
ss":"riley33@adventure-works.com","city":"Lake Oswego","state_code":"OR","country_code":"US"},{"customer_id":15532,"first_name":"Jeremy","last_name":"Reed","email_address":"jeremy46@adventure-works.com","city":"Burlingame","state_code":"CA","country_code":
enture-works.com","city":"Ballard","state_code":"WA","country_code":"US"},{"customer_id":15544,"first_name":"Susan","last_name":"Guo","email_address":"susan28@adventure-works.com","city":"Caloundra","state_code":"QLD","country_code":"AU"},{"customer_id":15
"state_code":"CA","country_code":"US"},{"customer_id":15556,"first_name":"Jeremy","last_name":"Perry","email_address":"jeremy25@adventure-works.com","city":"Newport Beach","state_code":"CA","country_code":"US"},{"customer_id":15557,"first_name":"Jeremy","l
nbury","state_code":"VIC","country_code":"AU"},{"customer_id":15568,"first_name":"Michele","last_name":"Rai","email_address":"michele18@adventure-works.com","city":"Lavender Bay","state_code":"NSW","country_code":"AU"},{"customer_id":15569,"first_name":"Na
m","city":"Mill Valley","state_code":"CA","country_code":"US"},{"customer_id":15580,"first_name":"Hunter","last_name":"Hayes","email_address":"hunter18@adventure-works.com","city":"Santa Monica","state_code":"CA","country_code":"US"},{"customer_id":15581,"
nture-works.com","city":"Darlinghurst","state_code":"NSW","country_code":"AU"},{"customer_id":15592,"first_name":"Aimee","last_name":"Chen","email_address":"aimee2@adventure-works.com","city":"Geelong","state_code":"VIC","country_code":"AU"},{"customer_id"
e-works.com","city":"Lemon Grove","state_code":"CA","country_code":"US"},{"customer_id":15604,"first_name":"Sheila","last_name":"Ruiz","email_address":"sheila2@adventure-works.com","city":"Burlingame","state_code":"CA","country_code":"US"},{"customer_id":1
adventure-works.com","city":"Seattle","state_code":"WA","country_code":"US"},{"customer_id":15616,"first_name":"David","last_name":"Powell","email_address":"david41@adventure-works.com","city":"Port Hammond","state_code":"BC","country_code":"CA"},{"custome
com","city":"Burlingame","state_code":"CA","country_code":"US"},{"customer_id":15628,"first_name":"Jose","last_name":"Alexander","email_address":"jose13@adventure-works.com","city":"Coronado","state_code":"CA","country_code":"US"},{"customer_id":15629,"fir
om","city":"Tacoma","state_code":"WA","country_code":"US"},{"customer_id":15640,"first_name":"Riley","last_name":"Diaz","email_address":"riley18@adventure-works.com","city":"Concord","state_code":"CA","country_code":"US"},{"customer_id":15641,"first_name":
:"Lincoln Acres","state_code":"CA","country_code":"US"},{"customer_id":15652,"first_name":"Gregory","last_name":"Nara","email_address":"gregory20@adventure-works.com","city":"Sunbury","state_code":"VIC","country_code":"AU"},{"customer_id":15653,"first_name
state_code":"VIC","country_code":"AU"},{"customer_id":15664,"first_name":"Joanna","last_name":"Serrano","email_address":"joanna15@adventure-works.com","city":"Perth","state_code":"SA","country_code":"AU"},{"customer_id":15665,"first_name":"Amy","last_name"
:"CA","country_code":"US"},{"customer_id":15676,"first_name":"Natalie","last_name":"King","email_address":"natalie62@adventure-works.com","city":"San Carlos","state_code":"CA","country_code":"US"},{"customer_id":15677,"first_name":"Emily","last_name":"Jenk
","state_code":"BC","country_code":"CA"},{"customer_id":15688,"first_name":"Marshall","last_name":"Xu","email_address":"marshall26@adventure-works.com","city":"Bellingham","state_code":"WA","country_code":"US"},{"customer_id":15689,"first_name":"Brittney",
state_code":"CA","country_code":"US"},{"customer_id":15700,"first_name":"Joan","last_name":"Coleman","email_address":"joan20@adventure-works.com","city":"Cliffside","state_code":"BC","country_code":"CA"},{"customer_id":15701,"first_name":"Sydney","last_nam
tate_code":"CA","country_code":"US"},{"customer_id":15712,"first_name":"Mya","last_name":"Bryant","email_address":"mya18@adventure-works.com","city":"Burbank","state_code":"CA","country_code":"US"},{"customer_id":15713,"first_name":"Ashley","last_name":"Wi
ry_code":"US"},{"customer_id":15724,"first_name":"Devin","last_name":"Kelly","email_address":"devin64@adventure-works.com","city":"Spring Valley","state_code":"CA","country_code":"US"},{"customer_id":15725,"first_name":"Sydney","last_name":"Edwards","email
{"customer_id":15736,"first_name":"Grace","last_name":"White","email_address":"grace12@adventure-works.com","city":"Kirkland","state_code":"WA","country_code":"US"},{"customer_id":15737,"first_name":"Lacey","last_name":"Xu","email_address":"lacey24@adventu
":15748,"first_name":"Candice","last_name":"Cai","email_address":"candice5@adventure-works.com","city":"North Sydney","state_code":"NSW","country_code":"AU"},{"customer_id":15749,"first_name":"Stacey","last_name":"She","email_address":"stacey24@adventure-w
_id":15760,"first_name":"Hailey","last_name":"Allen","email_address":"hailey62@adventure-works.com","city":"Caloundra","state_code":"QLD","country_code":"AU"},{"customer_id":15761,"first_name":"Katherine","last_name":"Butler","email_address":"katherine40@a
"},{"customer_id":15772,"first_name":"Eric","last_name":"Shan","email_address":"eric39@adventure-works.com","city":"Geelong","state_code":"VIC","country_code":"AU"},{"customer_id":15773,"first_name":"Jamie","last_name":"Hu","email_address":"jamie24@adventu
_name":"Juan","last_name":"Torres","email_address":"juan14@adventure-works.com","city":"Walla Walla","state_code":"WA","country_code":"US"},{"customer_id":15785,"first_name":"Walter","last_name":"Torres","email_address":"walter5@adventure-works.com","city"
"Shan","email_address":"elijah5@adventure-works.com","city":"Wollongong","state_code":"NSW","country_code":"AU"},{"customer_id":15797,"first_name":"Warren","last_name":"Raji","email_address":"warren12@adventure-works.com","city":"North Sydney","state_code"
","last_name":"Hall","email_address":"angel43@adventure-works.com","city":"Lemon Grove","state_code":"CA","country_code":"US"},{"customer_id":15809,"first_name":"Kimberly","last_name":"Howard","email_address":"kimberly15@adventure-works.com","city":"Edmond
,"last_name":"Mitchell","email_address":"devin34@adventure-works.com","city":"Saarlouis","state_code":"SL","country_code":"DE"},{"customer_id":15821,"first_name":"Carol","last_name":"Nath","email_address":"carol9@adventure-works.com","city":"London","state
drew15@adventure-works.com","city":"Saarbr?cken","state_code":"SL","country_code":"DE"},{"customer_id":15833,"first_name":"Kate","last_name":"Xie","email_address":"kate2@adventure-works.com","city":"Frankfurt","state_code":"BY","country_code":"DE"},{"custo
,"city":"Paderborn","state_code":"NW","country_code":"DE"},{"customer_id":15845,"first_name":"Erin","last_name":"Cooper","email_address":"erin13@adventure-works.com","city":"Cheltenham","state_code":"ENG","country_code":"GB"},{"customer_id":15846,"first_na
","country_code":"FR"},{"customer_id":15857,"first_name":"Jessica","last_name":"Brooks","email_address":"jessica22@adventure-works.com","city":"Drancy","state_code":"93","country_code":"FR"},{"customer_id":15858,"first_name":"Willie","last_name":"Anand","e
e_code":"SL","country_code":"DE"},{"customer_id":15869,"first_name":"Lydia","last_name":"Raman","email_address":"lydia11@adventure-works.com","city":"London","state_code":"ENG","country_code":"GB"},{"customer_id":15870,"first_name":"Anne","last_name":"Sims
"},{"customer_id":15881,"first_name":"Heather","last_name":"Xu","email_address":"heather11@adventure-works.com","city":"Dresden","state_code":"HE","country_code":"DE"},{"customer_id":15882,"first_name":"Regina","last_name":"Fernandez","email_address":"regi
"},{"customer_id":15893,"first_name":"Cody","last_name":"Rogers","email_address":"cody19@adventure-works.com","city":"Kirkby","state_code":"ENG","country_code":"GB"},{"customer_id":15894,"first_name":"Sharon","last_name":"Deng","email_address":"sharon7@adv
Judith","last_name":"Parker","email_address":"judith3@adventure-works.com","city":"Saint-Denis","state_code":"93","country_code":"FR"},{"customer_id":15906,"first_name":"Kari","last_name":"Serrano","email_address":"kari37@adventure-works.com","city":"Berks
name":"King","email_address":"mackenzie40@adventure-works.com","city":"Rockhampton","state_code":"QLD","country_code":"AU"},{"customer_id":15918,"first_name":"Roberto","last_name":"Dominguez","email_address":"roberto13@adventure-works.com","city":"Sunbury"
ess":"roger44@adventure-works.com","city":"Gateshead","state_code":"ENG","country_code":"GB"},{"customer_id":15930,"first_name":"Maurice","last_name":"Pal","email_address":"maurice13@adventure-works.com","city":"Woolston","state_code":"ENG","country_code":
enture-works.com","city":"Bonn","state_code":"NW","country_code":"DE"},{"customer_id":15942,"first_name":"Gerald","last_name":"Vazquez","email_address":"gerald23@adventure-works.com","city":"Colombes","state_code":"92","country_code":"FR"},{"customer_id":1
":"59","country_code":"FR"},{"customer_id":15954,"first_name":"Roy","last_name":"Rubio","email_address":"roy41@adventure-works.com","city":"Roubaix","state_code":"59","country_code":"FR"},{"customer_id":15955,"first_name":"Gerald","last_name":"Torres","ema
rst_name":"Jordan","last_name":"Nelson","email_address":"jordan38@adventure-works.com","city":"Lille","state_code":"59","country_code":"FR"},{"customer_id":15967,"first_name":"Cedric","last_name":"Zhang","email_address":"cedric0@adventure-works.com","city"
e":"Madan","email_address":"barry8@adventure-works.com","city":"Hamburg","state_code":"HH","country_code":"DE"},{"customer_id":15979,"first_name":"Cassie","last_name":"Sharma","email_address":"cassie8@adventure-works.com","city":"London","state_code":"ENG"
:"mason27@adventure-works.com","city":"Solingen","state_code":"NW","country_code":"DE"},{"customer_id":15991,"first_name":"Darren","last_name":"Patel","email_address":"darren5@adventure-works.com","city":"Hof","state_code":"BY","country_code":"DE"},{"custo
ity":"Neunkirchen","state_code":"SL","country_code":"DE"},{"customer_id":16003,"first_name":"Kelvin","last_name":"She","email_address":"kelvin42@adventure-works.com","city":"W. York","state_code":"ENG","country_code":"GB"},{"customer_id":16004,"first_name"
"customer_id":16015,"first_name":"Luke","last_name":"Hughes","email_address":"luke30@adventure-works.com","city":"Royal Oak","state_code":"BC","country_code":"CA"},{"customer_id":16016,"first_name":"Jessica","last_name":"Torres","email_address":"jessica16@
country_code":"US"},{"customer_id":16027,"first_name":"Jonathan","last_name":"Perry","email_address":"jonathan7@adventure-works.com","city":"N. Vancouver","state_code":"BC","country_code":"CA"},{"customer_id":16028,"first_name":"Jennifer","last_name":"Whit
try_code":"US"},{"customer_id":16039,"first_name":"Eduardo","last_name":"Reed","email_address":"eduardo87@adventure-works.com","city":"Lakewood","state_code":"CA","country_code":"US"},{"customer_id":16040,"first_name":"Jonathan","last_name":"Lewis","email_
:16051,"first_name":"Chloe","last_name":"Turner","email_address":"chloe2@adventure-works.com","city":"Lake Oswego","state_code":"OR","country_code":"US"},{"customer_id":16052,"first_name":"Charles","last_name":"Brown","email_address":"charles7@adventure-wo
"first_name":"Edward","last_name":"Harris","email_address":"edward36@adventure-works.com","city":"Sooke","state_code":"BC","country_code":"CA"},{"customer_id":16064,"first_name":"Taylor","last_name":"Flores","email_address":"taylor37@adventure-works.com","
":"Kristi","last_name":"Sanchez","email_address":"kristi38@adventure-works.com","city":"Ballard","state_code":"WA","country_code":"US"},{"customer_id":16076,"first_name":"Jackson","last_name":"Chen","email_address":"jackson27@adventure-works.com","city":"S
rst_name":"Lauren","last_name":"Howard","email_address":"lauren12@adventure-works.com","city":"Walla Walla","state_code":"WA","country_code":"US"},{"customer_id":16088,"first_name":"Justin","last_name":"Clark","email_address":"justin47@adventure-works.com"
99,"first_name":"Sarah","last_name":"Wilson","email_address":"sarah9@adventure-works.com","city":"Ballard","state_code":"WA","country_code":"US"},{"customer_id":16100,"first_name":"Zachary","last_name":"Williams","email_address":"zachary32@adventure-works.
drew","last_name":"Miller","email_address":"andrew15@adventure-works.com","city":"Cliffside","state_code":"BC","country_code":"CA"},{"customer_id":16112,"first_name":"Gabriel","last_name":"Flores","email_address":"gabriel9@adventure-works.com","city":"Vanc
t_name":"Liang","email_address":"ernest16@adventure-works.com","city":"Courbevoie","state_code":"92","country_code":"FR"},{"customer_id":16124,"first_name":"Jaclyn","last_name":"Xie","email_address":"jaclyn26@adventure-works.com","city":"Croix","state_code
_name":"Chen","email_address":"glenn3@adventure-works.com","city":"Paris","state_code":"75","country_code":"FR"},{"customer_id":16136,"first_name":"David","last_name":"Martin","email_address":"david73@adventure-works.com","city":"Versailles","state_code":"
dress":"danny4@adventure-works.com","city":"Rockhampton","state_code":"QLD","country_code":"AU"},{"customer_id":16148,"first_name":"Melvin","last_name":"Nara","email_address":"melvin15@adventure-works.com","city":"Findon","state_code":"SA","country_code":"
eshead","state_code":"ENG","country_code":"GB"},{"customer_id":16160,"first_name":"Veronica","last_name":"Rodriguez","email_address":"veronica21@adventure-works.com","city":"Boulogne-Billancourt","state_code":"92","country_code":"FR"},{"customer_id":16161,
code":"92","country_code":"FR"},{"customer_id":16172,"first_name":"Kristi","last_name":"Gill","email_address":"kristi9@adventure-works.com","city":"Oxford","state_code":"ENG","country_code":"GB"},{"customer_id":16173,"first_name":"Jessie","last_name":"Nava
omer_id":16184,"first_name":"Geoffrey","last_name":"Garcia","email_address":"geoffrey12@adventure-works.com","city":"Hof","state_code":"BY","country_code":"DE"},{"customer_id":16185,"first_name":"Donald","last_name":"Subram","email_address":"donald14@adven
rst_name":"Robert","last_name":"Perez","email_address":"robert46@adventure-works.com","city":"San Francisco","state_code":"CA","country_code":"US"},{"customer_id":16197,"first_name":"Lauren","last_name":"Robinson","email_address":"lauren36@adventure-works.
or","last_name":"Morris","email_address":"taylor2@adventure-works.com","city":"Bellingham","state_code":"WA","country_code":"US"},{"customer_id":16209,"first_name":"David","last_name":"Chen","email_address":"david57@adventure-works.com","city":"Westminster
last_name":"Yang","email_address":"benjamin29@adventure-works.com","city":"Lemon Grove","state_code":"CA","country_code":"US"},{"customer_id":16221,"first_name":"Jackson","last_name":"Long","email_address":"jackson12@adventure-works.com","city":"Torrance",
ne","last_name":"Ramos","email_address":"tyrone16@adventure-works.com","city":"Colma","state_code":"CA","country_code":"US"},{"customer_id":16233,"first_name":"Ram","last_name":"Thirunavukkarasu","email_address":"ram1@adventure-works.com","city":"Puyallup"
ley","email_address":"mariah40@adventure-works.com","city":"Vancouver","state_code":"BC","country_code":"CA"},{"customer_id":16245,"first_name":"Arianna","last_name":"Kelly","email_address":"arianna23@adventure-works.com","city":"Woodburn","state_code":"OR
ess":"xavier74@adventure-works.com","city":"Lake Oswego","state_code":"OR","country_code":"US"},{"customer_id":16257,"first_name":"Caleb","last_name":"Lopez","email_address":"caleb49@adventure-works.com","city":"Port Orchard","state_code":"WA","country_cod
venture-works.com","city":"Shawnee","state_code":"BC","country_code":"CA"},{"customer_id":16269,"first_name":"Latasha","last_name":"Serrano","email_address":"latasha16@adventure-works.com","city":"Chula Vista","state_code":"CA","country_code":"US"},{"custo
,"city":"Issaquah","state_code":"WA","country_code":"US"},{"customer_id":16281,"first_name":"Naomi","last_name":"Gutierrez","email_address":"naomi11@adventure-works.com","city":"Burbank","state_code":"CA","country_code":"US"},{"customer_id":16282,"first_na
rien","state_code":"WA","country_code":"US"},{"customer_id":16293,"first_name":"Julia","last_name":"Evans","email_address":"julia2@adventure-works.com","city":"Oregon City","state_code":"OR","country_code":"US"},{"customer_id":16294,"first_name":"Kaitlyn",
code":"75","country_code":"FR"},{"customer_id":16305,"first_name":"Alexandra","last_name":"Robinson","email_address":"alexandra82@adventure-works.com","city":"Roubaix","state_code":"59","country_code":"FR"},{"customer_id":16306,"first_name":"Terry","last_n
ode":"DE"},{"customer_id":16317,"first_name":"Jarrod","last_name":"Malhotra","email_address":"jarrod5@adventure-works.com","city":"Solingen","state_code":"NW","country_code":"DE"},{"customer_id":16318,"first_name":"Raymond","last_name":"Lopez","email_addre
er_id":16329,"first_name":"Edgar","last_name":"Srini","email_address":"edgar9@adventure-works.com","city":"Lille","state_code":"59","country_code":"FR"},{"customer_id":16330,"first_name":"Gloria","last_name":"Vazquez","email_address":"gloria15@adventure-wo
ancis","last_name":"Carlson","email_address":"francis16@adventure-works.com","city":"Springwood","state_code":"NSW","country_code":"AU"},{"customer_id":16342,"first_name":"Kari","last_name":"Sanz","email_address":"kari41@adventure-works.com","city":"Lavend
ast_name":"Subram","email_address":"douglas17@adventure-works.com","city":"Findon","state_code":"SA","country_code":"AU"},{"customer_id":16354,"first_name":"Gilbert","last_name":"Andersen","email_address":"gilbert34@adventure-works.com","city":"Hobart","st
mail_address":"cedric3@adventure-works.com","city":"Seaford","state_code":"VIC","country_code":"AU"},{"customer_id":16366,"first_name":"Jimmy","last_name":"Jimenez","email_address":"jimmy8@adventure-works.com","city":"East Brisbane","state_code":"QLD","cou
z","email_address":"courtney6@adventure-works.com","city":"Marysville","state_code":"WA","country_code":"US"},{"customer_id":16378,"first_name":"Melanie","last_name":"Alexander","email_address":"melanie6@adventure-works.com","city":"Langford","state_code":
address":"xavier77@adventure-works.com","city":"Spokane","state_code":"WA","country_code":"US"},{"customer_id":16390,"first_name":"Lucas","last_name":"Henderson","email_address":"lucas54@adventure-works.com","city":"Woodland Hills","state_code":"CA","count
ks.com","city":"Westminster","state_code":"BC","country_code":"CA"},{"customer_id":16402,"first_name":"Micah","last_name":"He","email_address":"micah6@adventure-works.com","city":"Cliffside","state_code":"BC","country_code":"CA"},{"customer_id":16403,"firs
"city":"Imperial Beach","state_code":"CA","country_code":"US"},{"customer_id":16414,"first_name":"Kaitlyn","last_name":"Reed","email_address":"kaitlyn50@adventure-works.com","city":"Langford","state_code":"BC","country_code":"CA"},{"customer_id":16415,"fir
 Jolla","state_code":"CA","country_code":"US"},{"customer_id":16426,"first_name":"Steven","last_name":"Morris","email_address":"steven28@adventure-works.com","city":"Los Angeles","state_code":"CA","country_code":"US"},{"customer_id":16427,"first_name":"Eva
"city":"Cliffside","state_code":"BC","country_code":"CA"},{"customer_id":16438,"first_name":"Gabriella","last_name":"Reed","email_address":"gabriella18@adventure-works.com","city":"Metchosin","state_code":"BC","country_code":"CA"},{"customer_id":16439,"fir
,"state_code":"AZ","country_code":"US"},{"customer_id":16450,"first_name":"Bryan","last_name":"Cox","email_address":"bryan11@adventure-works.com","city":"San Carlos","state_code":"CA","country_code":"US"},{"customer_id":16451,"first_name":"Abigail","last_n
state_code":"CA","country_code":"US"},{"customer_id":16462,"first_name":"Arianna","last_name":"Coleman","email_address":"arianna6@adventure-works.com","city":"Yakima","state_code":"WA","country_code":"US"},{"customer_id":16463,"first_name":"Xavier","last_n
ate_code":"QLD","country_code":"AU"},{"customer_id":16474,"first_name":"Gabriel","last_name":"Lal","email_address":"gabriel26@adventure-works.com","city":"Warrnambool","state_code":"VIC","country_code":"AU"},{"customer_id":16475,"first_name":"Alexandria","
e","state_code":"VIC","country_code":"AU"},{"customer_id":16486,"first_name":"Nina","last_name":"Tang","email_address":"nina4@adventure-works.com","city":"Milsons Point","state_code":"NSW","country_code":"AU"},{"customer_id":16487,"first_name":"Mathew","la
tate_code":"VIC","country_code":"AU"},{"customer_id":16498,"first_name":"Johnathan","last_name":"Rana","email_address":"johnathan13@adventure-works.com","city":"Coffs Harbour","state_code":"NSW","country_code":"AU"},{"customer_id":16499,"first_name":"Marie
","country_code":"US"},{"customer_id":16510,"first_name":"Zachary","last_name":"Johnson","email_address":"zachary31@adventure-works.com","city":"Yakima","state_code":"WA","country_code":"US"},{"customer_id":16511,"first_name":"Cole","last_name":"Bailey","e
ode":"AU"},{"customer_id":16522,"first_name":"Gabriel","last_name":"Foster","email_address":"gabriel13@adventure-works.com","city":"Chula Vista","state_code":"CA","country_code":"US"},{"customer_id":16523,"first_name":"Madeline","last_name":"Carter","email
ustomer_id":16534,"first_name":"Allison","last_name":"Perez","email_address":"allison35@adventure-works.com","city":"Bellflower","state_code":"CA","country_code":"US"},{"customer_id":16535,"first_name":"Candace","last_name":"Chapman","email_address":"canda
{"customer_id":16546,"first_name":"Lucas","last_name":"Garcia","email_address":"lucas30@adventure-works.com","city":"Langley","state_code":"BC","country_code":"CA"},{"customer_id":16547,"first_name":"Jackson","last_name":"Ross","email_address":"jackson6@ad
irst_name":"Richard","last_name":"Thomas","email_address":"richard51@adventure-works.com","city":"Metchosin","state_code":"BC","country_code":"CA"},{"customer_id":16559,"first_name":"Caleb","last_name":"Kumar","email_address":"caleb24@adventure-works.com",
elyn","last_name":"Wood","email_address":"jocelyn2@adventure-works.com","city":"Woodland Hills","state_code":"CA","country_code":"US"},{"customer_id":16571,"first_name":"Natasha","last_name":"Navarro","email_address":"natasha9@adventure-works.com","city":"
,"last_name":"Kapoor","email_address":"phillip2@adventure-works.com","city":"Hervey Bay","state_code":"QLD","country_code":"AU"},{"customer_id":16583,"first_name":"Latoya","last_name":"Nath","email_address":"latoya17@adventure-works.com","city":"Brisbane",
last_name":"Lin","email_address":"jorge9@adventure-works.com","city":"Darlinghurst","state_code":"NSW","country_code":"AU"},{"customer_id":16595,"first_name":"Nicolas","last_name":"Andersen","email_address":"nicolas11@adventure-works.com","city":"North Syd
ez","email_address":"miguel17@adventure-works.com","city":"Sedro Woolley","state_code":"WA","country_code":"US"},{"customer_id":16607,"first_name":"Courtney","last_name":"Edwards","email_address":"courtney1@adventure-works.com","city":"Milwaukie","state_co
hillips","email_address":"morgan4@adventure-works.com","city":"Olympia","state_code":"WA","country_code":"US"},{"customer_id":16619,"first_name":"Melanie","last_name":"Diaz","email_address":"melanie9@adventure-works.com","city":"Spokane","state_code":"WA",
"Bryant","email_address":"jose12@adventure-works.com","city":"Port Orchard","state_code":"WA","country_code":"US"},{"customer_id":16631,"first_name":"Xavier","last_name":"Coleman","email_address":"xavier47@adventure-works.com","city":"Chula Vista","state_c
name":"Alexander","email_address":"miranda19@adventure-works.com","city":"El Cajon","state_code":"CA","country_code":"US"},{"customer_id":16643,"first_name":"Kayla","last_name":"Johnson","email_address":"kayla1@adventure-works.com","city":"La Jolla","state
me":"Rubio","email_address":"kellie18@adventure-works.com","city":"Cliffside","state_code":"BC","country_code":"CA"},{"customer_id":16655,"first_name":"Carrie","last_name":"Diaz","email_address":"carrie2@adventure-works.com","city":"Berkeley","state_code":
"Patterson","email_address":"miguel57@adventure-works.com","city":"Daly City","state_code":"CA","country_code":"US"},{"customer_id":16667,"first_name":"Alyssa","last_name":"Garcia","email_address":"alyssa16@adventure-works.com","city":"Fremont","state_code
":"Powell","email_address":"marissa6@adventure-works.com","city":"Burien","state_code":"WA","country_code":"US"},{"customer_id":16679,"first_name":"Angel","last_name":"Carter","email_address":"angel33@adventure-works.com","city":"Lake Oswego","state_code":
t_name":"Walker","email_address":"seth22@adventure-works.com","city":"Hobart","state_code":"TAS","country_code":"AU"},{"customer_id":16691,"first_name":"Jaime","last_name":"Navarro","email_address":"jaime11@adventure-works.com","city":"Findon","state_code"
","email_address":"joel6@adventure-works.com","city":"Darlinghurst","state_code":"NSW","country_code":"AU"},{"customer_id":16703,"first_name":"Darryl","last_name":"Lu","email_address":"darryl11@adventure-works.com","city":"Lane Cove","state_code":"NSW","co
o","email_address":"lacey23@adventure-works.com","city":"Cranbourne","state_code":"VIC","country_code":"AU"},{"customer_id":16715,"first_name":"Omar","last_name":"Pal","email_address":"omar32@adventure-works.com","city":"Goulburn","state_code":"NSW","count
muel27@adventure-works.com","city":"N. Vancouver","state_code":"BC","country_code":"CA"},{"customer_id":16727,"first_name":"Sophia","last_name":"Hall","email_address":"sophia20@adventure-works.com","city":"Lemon Grove","state_code":"CA","country_code":"US"
n29@adventure-works.com","city":"Redwood City","state_code":"CA","country_code":"US"},{"customer_id":16739,"first_name":"Kaylee","last_name":"Parker","email_address":"kaylee29@adventure-works.com","city":"Cliffside","state_code":"BC","country_code":"CA"},{
rks.com","city":"Burbank","state_code":"CA","country_code":"US"},{"customer_id":16751,"first_name":"Carlos","last_name":"Phillips","email_address":"carlos33@adventure-works.com","city":"Burlingame","state_code":"CA","country_code":"US"},{"customer_id":1675
erlin","state_code":"SL","country_code":"DE"},{"customer_id":16763,"first_name":"Shawn","last_name":"Yuan","email_address":"shawn9@adventure-works.com","city":"Berks","state_code":"ENG","country_code":"GB"},{"customer_id":16764,"first_name":"Stephanie","la
er_id":16775,"first_name":"Marc","last_name":"Munoz","email_address":"marc11@adventure-works.com","city":"Stuttgart","state_code":"SL","country_code":"DE"},{"customer_id":16776,"first_name":"Nina","last_name":"Shen","email_address":"nina2@adventure-works.c
t_name":"Cynthia","last_name":"Raman","email_address":"cynthia17@adventure-works.com","city":"Peterborough","state_code":"ENG","country_code":"GB"},{"customer_id":16788,"first_name":"Gerald","last_name":"Ramos","email_address":"gerald25@adventure-works.com
yant","email_address":"brandon15@adventure-works.com","city":"Neunkirchen","state_code":"SL","country_code":"DE"},{"customer_id":16800,"first_name":"Bryce","last_name":"Watson","email_address":"bryce1@adventure-works.com","city":"Watford","state_code":"ENG
mail_address":"meghan7@adventure-works.com","city":"Gateshead","state_code":"ENG","country_code":"GB"},{"customer_id":16812,"first_name":"Darren","last_name":"Vazquez","email_address":"darren37@adventure-works.com","city":"Kassel","state_code":"HE","countr
ork","state_code":"ENG","country_code":"GB"},{"customer_id":16824,"first_name":"Joan","last_name":"Gao","email_address":"joan18@adventure-works.com","city":"Hamburg","state_code":"HH","country_code":"DE"},{"customer_id":16825,"first_name":"Michele","last_n
"customer_id":16836,"first_name":"Darren","last_name":"Ruiz","email_address":"darren23@adventure-works.com","city":"Saint Ouen","state_code":"17","country_code":"FR"},{"customer_id":16837,"first_name":"Pedro","last_name":"Navarro","email_address":"pedro30@
","last_name":"Rana","email_address":"kristina11@adventure-works.com","city":"Warrington","state_code":"ENG","country_code":"GB"},{"customer_id":16849,"first_name":"Fernando","last_name":"Perez","email_address":"fernando37@adventure-works.com","city":"York
anny19@adventure-works.com","city":"Salzgitter","state_code":"HE","country_code":"DE"},{"customer_id":16861,"first_name":"Hector","last_name":"Martin","email_address":"hector20@adventure-works.com","city":"Lane Cove","state_code":"NSW","country_code":"AU"}
aith37@adventure-works.com","city":"Townsville","state_code":"QLD","country_code":"AU"},{"customer_id":16873,"first_name":"Ivan","last_name":"Martinez","email_address":"ivan14@adventure-works.com","city":"Rockhampton","state_code":"QLD","country_code":"AU"
e-works.com","city":"Grevenbroich","state_code":"BY","country_code":"DE"},{"customer_id":16885,"first_name":"Jill","last_name":"Alonso","email_address":"jill16@adventure-works.com","city":"Hamburg","state_code":"HH","country_code":"DE"},{"customer_id":1688
"state_code":"93","country_code":"FR"},{"customer_id":16897,"first_name":"Orlando","last_name":"Torres","email_address":"orlando11@adventure-works.com","city":"Runcorn","state_code":"ENG","country_code":"GB"},{"customer_id":16898,"first_name":"Robin","last
country_code":"GB"},{"customer_id":16909,"first_name":"Adriana","last_name":"Sanchez","email_address":"adriana21@adventure-works.com","city":"Berlin","state_code":"SL","country_code":"DE"},{"customer_id":16910,"first_name":"Mayra","last_name":"Randall","em
ountry_code":"US"},{"customer_id":16921,"first_name":"Mary","last_name":"Howard","email_address":"mary39@adventure-works.com","city":"Woodland Hills","state_code":"CA","country_code":"US"},{"customer_id":16922,"first_name":"Sydney","last_name":"Long","emai
","country_code":"DE"},{"customer_id":16933,"first_name":"Leslie","last_name":"Diaz","email_address":"leslie3@adventure-works.com","city":"Essen","state_code":"HH","country_code":"DE"},{"customer_id":16934,"first_name":"Amber","last_name":"Evans","email_ad
customer_id":16945,"first_name":"Dalton","last_name":"Bell","email_address":"dalton85@adventure-works.com","city":"Kassel","state_code":"HE","country_code":"DE"},{"customer_id":16946,"first_name":"Christine","last_name":"Andersen","email_address":"christin
"Jai","email_address":"terrence11@adventure-works.com","city":"Maidenhead","state_code":"ENG","country_code":"GB"},{"customer_id":16958,"first_name":"Tabitha","last_name":"Suri","email_address":"tabitha0@adventure-works.com","city":"Oxford","state_code":"E
"Xu","email_address":"roger32@adventure-works.com","city":"St. Leonards","state_code":"NSW","country_code":"AU"},{"customer_id":16970,"first_name":"Bryant","last_name":"Patel","email_address":"bryant3@adventure-works.com","city":"Brisbane","state_code":"QL
name":"Hu","email_address":"crystal21@adventure-works.com","city":"Darlinghurst","state_code":"NSW","country_code":"AU"},{"customer_id":16982,"first_name":"Aimee","last_name":"Hu","email_address":"aimee15@adventure-works.com","city":"Melton","state_code":"
Taylor","email_address":"dylan36@adventure-works.com","city":"Salem","state_code":"OR","country_code":"US"},{"customer_id":16994,"first_name":"Hunter","last_name":"Miller","email_address":"hunter65@adventure-works.com","city":"Santa Cruz","state_code":"CA"
address":"andrea25@adventure-works.com","city":"Marysville","state_code":"WA","country_code":"US"},{"customer_id":17006,"first_name":"Amber","last_name":"Young","email_address":"amber24@adventure-works.com","city":"Berkeley","state_code":"CA","country_code
y3@adventure-works.com","city":"Newport Beach","state_code":"CA","country_code":"US"},{"customer_id":17018,"first_name":"Christopher","last_name":"Martin","email_address":"christopher15@adventure-works.com","city":"Bremerton","state_code":"WA","country_cod
h49@adventure-works.com","city":"Marysville","state_code":"WA","country_code":"US"},{"customer_id":17030,"first_name":"Seth","last_name":"Price","email_address":"seth48@adventure-works.com","city":"Burbank","state_code":"CA","country_code":"US"},{"customer
venture-works.com","city":"Everett","state_code":"WA","country_code":"US"},{"customer_id":17042,"first_name":"Rebecca","last_name":"Wright","email_address":"rebecca21@adventure-works.com","city":"Olympia","state_code":"WA","country_code":"US"},{"customer_i
.com","city":"Bremerton","state_code":"WA","country_code":"US"},{"customer_id":17054,"first_name":"Jared","last_name":"Howard","email_address":"jared13@adventure-works.com","city":"Beverly Hills","state_code":"CA","country_code":"US"},{"customer_id":17055,
"city":"Beaverton","state_code":"OR","country_code":"US"},{"customer_id":17066,"first_name":"Carrie","last_name":"Gill","email_address":"carrie12@adventure-works.com","city":"Beverly Hills","state_code":"CA","country_code":"US"},{"customer_id":17067,"first
od City","state_code":"CA","country_code":"US"},{"customer_id":17078,"first_name":"Sarah","last_name":"Williams","email_address":"sarah4@adventure-works.com","city":"San Gabriel","state_code":"CA","country_code":"US"},{"customer_id":17079,"first_name":"Jac
,"city":"Bellflower","state_code":"CA","country_code":"US"},{"customer_id":17090,"first_name":"Xavier","last_name":"Campbell","email_address":"xavier38@adventure-works.com","city":"Chula Vista","state_code":"CA","country_code":"US"},{"customer_id":17091,"f
works.com","city":"Woodland Hills","state_code":"CA","country_code":"US"},{"customer_id":17102,"first_name":"Timothy","last_name":"Bell","email_address":"timothy15@adventure-works.com","city":"Port Hammond","state_code":"BC","country_code":"CA"},{"customer
y":"Downey","state_code":"CA","country_code":"US"},{"customer_id":17114,"first_name":"Amanda","last_name":"Powell","email_address":"amanda30@adventure-works.com","city":"Wollongong","state_code":"NSW","country_code":"AU"},{"customer_id":17115,"first_name":
"Daly City","state_code":"CA","country_code":"US"},{"customer_id":17126,"first_name":"Dalton","last_name":"Jackson","email_address":"dalton11@adventure-works.com","city":"Fremont","state_code":"CA","country_code":"US"},{"customer_id":17127,"first_name":"An
_code":"NSW","country_code":"AU"},{"customer_id":17138,"first_name":"Kristi","last_name":"Lopez","email_address":"kristi34@adventure-works.com","city":"North Sydney","state_code":"NSW","country_code":"AU"},{"customer_id":17139,"first_name":"Marvin","last_n
:"WA","country_code":"US"},{"customer_id":17150,"first_name":"William","last_name":"Miller","email_address":"william22@adventure-works.com","city":"Lakewood","state_code":"CA","country_code":"US"},{"customer_id":17151,"first_name":"Connor","last_name":"Che
,"state_code":"BC","country_code":"CA"},{"customer_id":17162,"first_name":"Jessica","last_name":"Perry","email_address":"jessica32@adventure-works.com","city":"Newton","state_code":"BC","country_code":"CA"},{"customer_id":17163,"first_name":"Bruce","last_n
","state_code":"CA","country_code":"US"},{"customer_id":17174,"first_name":"Timothy","last_name":"Young","email_address":"timothy42@adventure-works.com","city":"Cliffside","state_code":"BC","country_code":"CA"},{"customer_id":17175,"first_name":"Marco","la
om","city":"Newport Beach","state_code":"CA","country_code":"US"},{"customer_id":17186,"first_name":"Eric","last_name":"Alexander","email_address":"eric26@adventure-works.com","city":"Burbank","state_code":"CA","country_code":"US"},{"customer_id":17187,"fi
state_code":"OR","country_code":"US"},{"customer_id":17198,"first_name":"Kayla","last_name":"Rodriguez","email_address":"kayla19@adventure-works.com","city":"Vancouver","state_code":"BC","country_code":"CA"},{"customer_id":17199,"first_name":"Jared","last_
_code":"SA","country_code":"AU"},{"customer_id":17210,"first_name":"Krista","last_name":"Carlson","email_address":"krista17@adventure-works.com","city":"Sunbury","state_code":"VIC","country_code":"AU"},{"customer_id":17211,"first_name":"Meghan","last_name"
,"state_code":"QLD","country_code":"AU"},{"customer_id":17222,"first_name":"Isabella","last_name":"Rodriguez","email_address":"isabella76@adventure-works.com","city":"San Gabriel","state_code":"CA","country_code":"US"},{"customer_id":17223,"first_name":"Ed
":"Beaverton","state_code":"OR","country_code":"US"},{"customer_id":17234,"first_name":"Patrick","last_name":"Richardson","email_address":"patrick14@adventure-works.com","city":"Walla Walla","state_code":"WA","country_code":"US"},{"customer_id":17235,"firs
ance","state_code":"CA","country_code":"US"},{"customer_id":17246,"first_name":"Gavin","last_name":"Henderson","email_address":"gavin4@adventure-works.com","city":"Haney","state_code":"BC","country_code":"CA"},{"customer_id":17247,"first_name":"Alexa","las
e_code":"OR","country_code":"US"},{"customer_id":17258,"first_name":"Zachary","last_name":"Martin","email_address":"zachary45@adventure-works.com","city":"Yakima","state_code":"WA","country_code":"US"},{"customer_id":17259,"first_name":"Destiny","last_name
de":"CA","country_code":"US"},{"customer_id":17270,"first_name":"Alexandra","last_name":"Green","email_address":"alexandra56@adventure-works.com","city":"Glendale","state_code":"CA","country_code":"US"},{"customer_id":17271,"first_name":"Samuel","last_name
e_code":"OR","country_code":"US"},{"customer_id":17282,"first_name":"Juan","last_name":"Cox","email_address":"juan20@adventure-works.com","city":"Colma","state_code":"CA","country_code":"US"},{"customer_id":17283,"first_name":"Cindy","last_name":"Foster","
"CA"},{"customer_id":17294,"first_name":"Shelby","last_name":"Cox","email_address":"shelby11@adventure-works.com","city":"Santa Monica","state_code":"CA","country_code":"US"},{"customer_id":17295,"first_name":"Alexis","last_name":"Jenkins","email_address":
,"country_code":"AU"},{"customer_id":17306,"first_name":"Patricia","last_name":"Lopez","email_address":"patricia19@adventure-works.com","city":"Bendigo","state_code":"VIC","country_code":"AU"},{"customer_id":17307,"first_name":"Elizabeth","last_name":"Powe
"},{"customer_id":17318,"first_name":"Ivan","last_name":"Weber","email_address":"ivan2@adventure-works.com","city":"Silverwater","state_code":"NSW","country_code":"AU"},{"customer_id":17319,"first_name":"Grace","last_name":"Lee","email_address":"grace21@ad
7330,"first_name":"Marcus","last_name":"Washington","email_address":"marcus63@adventure-works.com","city":"Townsville","state_code":"QLD","country_code":"AU"},{"customer_id":17331,"first_name":"Charles","last_name":"Bailey","email_address":"charles64@adven
irst_name":"Jeremy","last_name":"Wilson","email_address":"jeremy1@adventure-works.com","city":"Vancouver","state_code":"BC","country_code":"CA"},{"customer_id":17343,"first_name":"Brianna","last_name":"Murphy","email_address":"brianna32@adventure-works.com
t_name":"Summer","last_name":"Kapoor","email_address":"summer1@adventure-works.com","city":"East Brisbane","state_code":"QLD","country_code":"AU"},{"customer_id":17355,"first_name":"Ian","last_name":"Wilson","email_address":"ian8@adventure-works.com","city
y","last_name":"Zhao","email_address":"stacey11@adventure-works.com","city":"London","state_code":"ENG","country_code":"GB"},{"customer_id":17367,"first_name":"Dalton","last_name":"Rivera","email_address":"dalton78@adventure-works.com","city":"Cheltenham",
_address":"walter15@adventure-works.com","city":"Cambridge","state_code":"ENG","country_code":"GB"},{"customer_id":17379,"first_name":"Sara","last_name":"Sanchez","email_address":"sara29@adventure-works.com","city":"Drancy","state_code":"93","country_code"
","city":"Pantin","state_code":"93","country_code":"FR"},{"customer_id":17391,"first_name":"Frederick","last_name":"Suri","email_address":"frederick0@adventure-works.com","city":"Colombes","state_code":"92","country_code":"FR"},{"customer_id":17392,"first_
ue","state_code":"59","country_code":"FR"},{"customer_id":17403,"first_name":"Kristin","last_name":"Kumar","email_address":"kristin10@adventure-works.com","city":"Paris","state_code":"75","country_code":"FR"},{"customer_id":17404,"first_name":"Jaclyn","las
_code":"ENG","country_code":"GB"},{"customer_id":17415,"first_name":"Bradley","last_name":"Luo","email_address":"bradley8@adventure-works.com","city":"Metz","state_code":"57","country_code":"FR"},{"customer_id":17416,"first_name":"Melissa","last_name":"Rog
427,"first_name":"Melvin","last_name":"Xie","email_address":"melvin3@adventure-works.com","city":"London","state_code":"ENG","country_code":"GB"},{"customer_id":17428,"first_name":"Yolanda","last_name":"Deng","email_address":"yolanda1@adventure-works.com",
email_address":"heidi23@adventure-works.com","city":"Warrington","state_code":"ENG","country_code":"GB"},{"customer_id":17440,"first_name":"Olivia","last_name":"Gray","email_address":"olivia41@adventure-works.com","city":"Oxford","state_code":"ENG","countr
:"nelson0@adventure-works.com","city":"Paderborn","state_code":"NW","country_code":"DE"},{"customer_id":17452,"first_name":"Nichole","last_name":"Chander","email_address":"nichole15@adventure-works.com","city":"Gloucestershire","state_code":"ENG","country_
ks.com","city":"Drancy","state_code":"93","country_code":"FR"},{"customer_id":17464,"first_name":"Emmanuel","last_name":"Arun","email_address":"emmanuel6@adventure-works.com","city":"Reading","state_code":"ENG","country_code":"GB"},{"customer_id":17465,"fi
e","state_code":"ENG","country_code":"GB"},{"customer_id":17476,"first_name":"Bruce","last_name":"Ramos","email_address":"bruce38@adventure-works.com","city":"Dunkerque","state_code":"59","country_code":"FR"},{"customer_id":17477,"first_name":"Bradley","la
ode":"AU"},{"customer_id":17488,"first_name":"Gerald","last_name":"Gill","email_address":"gerald22@adventure-works.com","city":"Silverwater","state_code":"NSW","country_code":"AU"},{"customer_id":17489,"first_name":"Reginald","last_name":"Travers","email_a
ode":"FR"},{"customer_id":17500,"first_name":"Lydia","last_name":"Srini","email_address":"lydia7@adventure-works.com","city":"Berlin","state_code":"HE","country_code":"DE"},{"customer_id":17501,"first_name":"Jermaine","last_name":"Gonzalez","email_address"
{"customer_id":17512,"first_name":"Chase","last_name":"Rivera","email_address":"chase17@adventure-works.com","city":"Gateshead","state_code":"ENG","country_code":"GB"},{"customer_id":17513,"first_name":"Dwayne","last_name":"Alonso","email_address":"dwayne7
:"Charles","last_name":"James","email_address":"charles46@adventure-works.com","city":"Cheltenham","state_code":"ENG","country_code":"GB"},{"customer_id":17525,"first_name":"Paula","last_name":"Gill","email_address":"paula16@adventure-works.com","city":"Lo
errier","email_address":"leslie9@adventure-works.com","city":"Geelong","state_code":"VIC","country_code":"AU"},{"customer_id":17537,"first_name":"Martha","last_name":"Guo","email_address":"martha17@adventure-works.com","city":"Bendigo","state_code":"VIC","
,"email_address":"april2@adventure-works.com","city":"Paris","state_code":"75","country_code":"FR"},{"customer_id":17549,"first_name":"Krista","last_name":"Ortega","email_address":"krista20@adventure-works.com","city":"Hamburg","state_code":"HH","country_c
billy12@adventure-works.com","city":"Tremblay-en-France","state_code":"93","country_code":"FR"},{"customer_id":17561,"first_name":"Peggy","last_name":"Smith","email_address":"peggy1@adventure-works.com","city":"Croix","state_code":"59","country_code":"FR"}
"Coronado","state_code":"CA","country_code":"US"},{"customer_id":17573,"first_name":"Jeffery","last_name":"Ye","email_address":"jeffery10@adventure-works.com","city":"Bellingham","state_code":"WA","country_code":"US"},{"customer_id":17574,"first_name":"Tyr
US"},{"customer_id":17585,"first_name":"Rolando","last_name":"Smith","email_address":"rolando0@adventure-works.com","city":"Berkeley","state_code":"CA","country_code":"US"},{"customer_id":17586,"first_name":"Julian","last_name":"Russell","email_address":"j
customer_id":17597,"first_name":"Haley","last_name":"Butler","email_address":"haley33@adventure-works.com","city":"Redwood City","state_code":"CA","country_code":"US"},{"customer_id":17598,"first_name":"Brianna","last_name":"Harris","email_address":"briann
mer_id":17609,"first_name":"Brian","last_name":"Richardson","email_address":"brian21@adventure-works.com","city":"Victoria","state_code":"BC","country_code":"CA"},{"customer_id":17610,"first_name":"Jose","last_name":"Harris","email_address":"jose75@adventu
:17621,"first_name":"Cole","last_name":"Richardson","email_address":"cole11@adventure-works.com","city":"Metchosin","state_code":"BC","country_code":"CA"},{"customer_id":17622,"first_name":"Kristen","last_name":"Liu","email_address":"kristen4@adventure-wor
d":17633,"first_name":"Kathryn","last_name":"Nath","email_address":"kathryn16@adventure-works.com","city":"Beaverton","state_code":"OR","country_code":"US"},{"customer_id":17634,"first_name":"Christina","last_name":"Howard","email_address":"christina9@adve
},{"customer_id":17645,"first_name":"Martha","last_name":"Chow","email_address":"martha2@adventure-works.com","city":"Burien","state_code":"WA","country_code":"US"},{"customer_id":17646,"first_name":"Martin","last_name":"Fernandez","email_address":"martin2
57,"first_name":"Lucas","last_name":"Murphy","email_address":"lucas86@adventure-works.com","city":"Shawnee","state_code":"BC","country_code":"CA"},{"customer_id":17658,"first_name":"Ryan","last_name":"Hayes","email_address":"ryan26@adventure-works.com","ci
":"Jeremy","last_name":"Parker","email_address":"jeremy18@adventure-works.com","city":"Port Hammond","state_code":"BC","country_code":"CA"},{"customer_id":17670,"first_name":"Jordan","last_name":"Carter","email_address":"jordan64@adventure-works.com","city
","last_name":"Brown","email_address":"hannah5@adventure-works.com","city":"Milwaukie","state_code":"OR","country_code":"US"},{"customer_id":17682,"first_name":"Victoria","last_name":"Johnson","email_address":"victoria2@adventure-works.com","city":"Marysvi
i","last_name":"Rowe","email_address":"kristi42@adventure-works.com","city":"London","state_code":"ENG","country_code":"GB"},{"customer_id":17694,"first_name":"Tamara","last_name":"Chande","email_address":"tamara26@adventure-works.com","city":"London","sta
ddress":"roy23@adventure-works.com","city":"London","state_code":"ENG","country_code":"GB"},{"customer_id":17706,"first_name":"Ashley","last_name":"Powell","email_address":"ashley35@adventure-works.com","city":"Darmstadt","state_code":"HE","country_code":"
re-works.com","city":"South Melbourne","state_code":"VIC","country_code":"AU"},{"customer_id":17718,"first_name":"Calvin","last_name":"Anand","email_address":"calvin21@adventure-works.com","city":"North Sydney","state_code":"NSW","country_code":"AU"},{"cus
y":"Dunkerque","state_code":"59","country_code":"FR"},{"customer_id":17730,"first_name":"Heather","last_name":"Sun","email_address":"heather12@adventure-works.com","city":"London","state_code":"ENG","country_code":"GB"},{"customer_id":17731,"first_name":"N
ode":"75","country_code":"FR"},{"customer_id":17742,"first_name":"Bruce","last_name":"Dominguez","email_address":"bruce34@adventure-works.com","city":"Werne","state_code":"NW","country_code":"DE"},{"customer_id":17743,"first_name":"Erick","last_name":"Vanc
,"first_name":"Kristine","last_name":"Carlson","email_address":"kristine19@adventure-works.com","city":"West Sussex","state_code":"ENG","country_code":"GB"},{"customer_id":17755,"first_name":"Chad","last_name":"Nara","email_address":"chad17@adventure-works
rst_name":"Abigail","last_name":"Gonzales","email_address":"abigail42@adventure-works.com","city":"San Carlos","state_code":"CA","country_code":"US"},{"customer_id":17767,"first_name":"Joe","last_name":"Alonso","email_address":"joe31@adventure-works.com","
8,"first_name":"Brittany","last_name":"Wood","email_address":"brittany2@adventure-works.com","city":"Yakima","state_code":"WA","country_code":"US"},{"customer_id":17779,"first_name":"Maurice","last_name":"Sharma","email_address":"maurice10@adventure-works.
jah","last_name":"Zhang","email_address":"elijah25@adventure-works.com","city":"Coronado","state_code":"CA","country_code":"US"},{"customer_id":17791,"first_name":"Seth","last_name":"Howard","email_address":"seth82@adventure-works.com","city":"Lake Oswego"
,"last_name":"Hall","email_address":"katelyn46@adventure-works.com","city":"Everett","state_code":"WA","country_code":"US"},{"customer_id":17803,"first_name":"Allison","last_name":"Nelson","email_address":"allison32@adventure-works.com","city":"Newton","st
_name":"Washington","email_address":"cameron8@adventure-works.com","city":"Redwood City","state_code":"CA","country_code":"US"},{"customer_id":17815,"first_name":"Anna","last_name":"Butler","email_address":"anna39@adventure-works.com","city":"Burien","stat
mail_address":"caleb45@adventure-works.com","city":"Renton","state_code":"WA","country_code":"US"},{"customer_id":17827,"first_name":"Jack","last_name":"Sharma","email_address":"jack31@adventure-works.com","city":"Woodburn","state_code":"OR","country_code"
","email_address":"victoria19@adventure-works.com","city":"Oak Bay","state_code":"BC","country_code":"CA"},{"customer_id":17839,"first_name":"Jasmine","last_name":"Ross","email_address":"jasmine44@adventure-works.com","city":"Bremerton","state_code":"WA","
ss":"garrett19@adventure-works.com","city":"Spokane","state_code":"WA","country_code":"US"},{"customer_id":17851,"first_name":"Nelson","last_name":"Hernandez","email_address":"nelson4@adventure-works.com","city":"Cliffside","state_code":"BC","country_code"
ture-works.com","city":"Redmond","state_code":"WA","country_code":"US"},{"customer_id":17863,"first_name":"Catherine","last_name":"Ramirez","email_address":"catherine6@adventure-works.com","city":"Tacoma","state_code":"WA","country_code":"US"},{"customer_i
ity":"Berkeley","state_code":"CA","country_code":"US"},{"customer_id":17875,"first_name":"Alexa","last_name":"Brooks","email_address":"alexa1@adventure-works.com","city":"Redmond","state_code":"WA","country_code":"US"},{"customer_id":17876,"first_name":"De
er_id":17887,"first_name":"Franklin","last_name":"Jai","email_address":"franklin29@adventure-works.com","city":"Paris","state_code":"75","country_code":"FR"},{"customer_id":17888,"first_name":"Casey","last_name":"Serrano","email_address":"casey40@adventure
id":17899,"first_name":"Melanie","last_name":"Patterson","email_address":"melanie26@adventure-works.com","city":"Billericay","state_code":"ENG","country_code":"GB"},{"customer_id":17900,"first_name":"Alejandro","last_name":"Anand","email_address":"alejandr
":"Melody","last_name":"Martin","email_address":"melody0@adventure-works.com","city":"Paris","state_code":"75","country_code":"FR"},{"customer_id":17912,"first_name":"Levi","last_name":"Rodriguez","email_address":"levi17@adventure-works.com","city":"Saint 
:"Ye","email_address":"brent9@adventure-works.com","city":"Hobart","state_code":"TAS","country_code":"AU"},{"customer_id":17924,"first_name":"Roberto","last_name":"Hernandez","email_address":"roberto3@adventure-works.com","city":"Milsons Point","state_code
","last_name":"Nara","email_address":"ricardo16@adventure-works.com","city":"Goulburn","state_code":"NSW","country_code":"AU"},{"customer_id":17936,"first_name":"Eddie","last_name":"Johnsen","email_address":"eddie6@adventure-works.com","city":"Hervey Bay",
John","last_name":"Anderson","email_address":"john47@adventure-works.com","city":"Hervey Bay","state_code":"QLD","country_code":"AU"},{"customer_id":17948,"first_name":"Grant","last_name":"Nath","email_address":"grant20@adventure-works.com","city":"Calound
ail_address":"randy19@adventure-works.com","city":"Milsons Point","state_code":"NSW","country_code":"AU"},{"customer_id":17960,"first_name":"Jimmy","last_name":"Ashe","email_address":"jimmy7@adventure-works.com","city":"East Brisbane","state_code":"QLD","c
_name":"Peterson","email_address":"danielle7@adventure-works.com","city":"Oregon City","state_code":"OR","country_code":"US"},{"customer_id":17972,"first_name":"Jason","last_name":"Shan","email_address":"jason28@adventure-works.com","city":"Issaquah","stat
y","last_name":"Watson","email_address":"sydney19@adventure-works.com","city":"Lincoln Acres","state_code":"CA","country_code":"US"},{"customer_id":17984,"first_name":"Sean","last_name":"Lopez","email_address":"sean45@adventure-works.com","city":"Bellflowe
e":"Hayes","email_address":"noah20@adventure-works.com","city":"Lakewood","state_code":"CA","country_code":"US"},{"customer_id":17996,"first_name":"Alexandra","last_name":"Wright","email_address":"alexandra61@adventure-works.com","city":"Edmonds","state_co
stian","last_name":"Kumar","email_address":"christian14@adventure-works.com","city":"Corvallis","state_code":"OR","country_code":"US"},{"customer_id":18008,"first_name":"Elijah","last_name":"Perry","email_address":"elijah11@adventure-works.com","city":"W. 
me":"Luo","email_address":"drew6@adventure-works.com","city":"Burbank","state_code":"CA","country_code":"US"},{"customer_id":18020,"first_name":"Isaiah","last_name":"Morris","email_address":"isaiah18@adventure-works.com","city":"Lakewood","state_code":"CA"
mail_address":"jeremy10@adventure-works.com","city":"Santa Monica","state_code":"CA","country_code":"US"},{"customer_id":18032,"first_name":"Brandon","last_name":"Chen","email_address":"brandon22@adventure-works.com","city":"Bremerton","state_code":"WA","c
on","email_address":"edward34@adventure-works.com","city":"Langford","state_code":"BC","country_code":"CA"},{"customer_id":18044,"first_name":"Luke","last_name":"Alexander","email_address":"luke8@adventure-works.com","city":"Westminster","state_code":"BC",
abby0@adventure-works.com","city":"North Ryde","state_code":"NSW","country_code":"AU"},{"customer_id":18056,"first_name":"Monica","last_name":"Sai","email_address":"monica6@adventure-works.com","city":"Rockhampton","state_code":"QLD","country_code":"AU"},{
cky20@adventure-works.com","city":"Warrnambool","state_code":"VIC","country_code":"AU"},{"customer_id":18068,"first_name":"Russell","last_name":"Chander","email_address":"russell18@adventure-works.com","city":"Geelong","state_code":"VIC","country_code":"AU
@adventure-works.com","city":"Santa Monica","state_code":"CA","country_code":"US"},{"customer_id":18080,"first_name":"Brian","last_name":"Rogers","email_address":"brian31@adventure-works.com","city":"Lincoln Acres","state_code":"CA","country_code":"US"},{"
ity":"Lavender Bay","state_code":"NSW","country_code":"AU"},{"customer_id":18092,"first_name":"Mallory","last_name":"Hernandez","email_address":"mallory11@adventure-works.com","city":"Cranbourne","state_code":"VIC","country_code":"AU"},{"customer_id":18093
bart","state_code":"TAS","country_code":"AU"},{"customer_id":18104,"first_name":"Karl","last_name":"Raji","email_address":"karl21@adventure-works.com","city":"Malabar","state_code":"NSW","country_code":"AU"},{"customer_id":18105,"first_name":"Nathan","last
de":"AU"},{"customer_id":18116,"first_name":"Jacquelyn","last_name":"Munoz","email_address":"jacquelyn7@adventure-works.com","city":"Melbourne","state_code":"VIC","country_code":"AU"},{"customer_id":18117,"first_name":"Janelle","last_name":"Patel","email_a
t_name":"Bryan","last_name":"Murphy","email_address":"bryan15@adventure-works.com","city":"Colma","state_code":"CA","country_code":"US"},{"customer_id":18129,"first_name":"Alyssa","last_name":"Reed","email_address":"alyssa28@adventure-works.com","city":"Gr
Riley","last_name":"Coleman","email_address":"riley4@adventure-works.com","city":"Torrance","state_code":"CA","country_code":"US"},{"customer_id":18141,"first_name":"Richard","last_name":"Ward","email_address":"richard84@adventure-works.com","city":"Port O
name":"Long","email_address":"caroline10@adventure-works.com","city":"Chula Vista","state_code":"CA","country_code":"US"},{"customer_id":18153,"first_name":"Steven","last_name":"Sanders","email_address":"steven13@adventure-works.com","city":"Vancouver","st
mail_address":"mason14@adventure-works.com","city":"Portland","state_code":"OR","country_code":"US"},{"customer_id":18165,"first_name":"Jennifer","last_name":"James","email_address":"jennifer70@adventure-works.com","city":"Oregon City","state_code":"OR","c
ail_address":"sean24@adventure-works.com","city":"Burien","state_code":"WA","country_code":"US"},{"customer_id":18177,"first_name":"Luke","last_name":"Evans","email_address":"luke32@adventure-works.com","city":"Shawnee","state_code":"BC","country_code":"CA
"jerome16@adventure-works.com","city":"Bendigo","state_code":"VIC","country_code":"AU"},{"customer_id":18189,"first_name":"Colin","last_name":"Kumar","email_address":"colin31@adventure-works.com","city":"Hawthorne","state_code":"QLD","country_code":"AU"},{
ress":"james72@adventure-works.com","city":"Fremont","state_code":"CA","country_code":"US"},{"customer_id":18201,"first_name":"Jackson","last_name":"Collins","email_address":"jackson32@adventure-works.com","city":"Beaverton","state_code":"OR","country_code
nture-works.com","city":"Lynnwood","state_code":"WA","country_code":"US"},{"customer_id":18213,"first_name":"Jocelyn","last_name":"Gonzales","email_address":"jocelyn16@adventure-works.com","city":"Marysville","state_code":"WA","country_code":"US"},{"custom
Bremerton","state_code":"WA","country_code":"US"},{"customer_id":18225,"first_name":"Kaylee","last_name":"Bailey","email_address":"kaylee12@adventure-works.com","city":"Concord","state_code":"CA","country_code":"US"},{"customer_id":18226,"first_name":"Matt
El Cajon","state_code":"CA","country_code":"US"},{"customer_id":18237,"first_name":"Eric","last_name":"Young","email_address":"eric58@adventure-works.com","city":"El Cajon","state_code":"CA","country_code":"US"},{"customer_id":18238,"first_name":"Jennifer"
e":"BC","country_code":"CA"},{"customer_id":18249,"first_name":"Jonathan","last_name":"Martin","email_address":"jonathan68@adventure-works.com","city":"Redmond","state_code":"WA","country_code":"US"},{"customer_id":18250,"first_name":"Austin","last_name":"
","country_code":"CA"},{"customer_id":18261,"first_name":"Ricky","last_name":"Carlson","email_address":"ricky19@adventure-works.com","city":"Colma","state_code":"CA","country_code":"US"},{"customer_id":18262,"first_name":"Robert","last_name":"Turner","emai
S"},{"customer_id":18273,"first_name":"Alex","last_name":"King","email_address":"alex48@adventure-works.com","city":"Bellflower","state_code":"CA","country_code":"US"},{"customer_id":18274,"first_name":"Timothy","last_name":"Lopez","email_address":"timothy
r_id":18285,"first_name":"Riley","last_name":"Hughes","email_address":"riley9@adventure-works.com","city":"Ballard","state_code":"WA","country_code":"US"},{"customer_id":18286,"first_name":"Thomas","last_name":"Adams","email_address":"thomas51@adventure-wo
:"Nichole","last_name":"Luo","email_address":"nichole5@adventure-works.com","city":"Sydney","state_code":"NSW","country_code":"AU"},{"customer_id":18298,"first_name":"Nina","last_name":"Pal","email_address":"nina12@adventure-works.com","city":"Wollongong",
me":"Vance","email_address":"phillip4@adventure-works.com","city":"Hobart","state_code":"TAS","country_code":"AU"},{"customer_id":18310,"first_name":"Rodney","last_name":"Navarro","email_address":"rodney6@adventure-works.com","city":"Perth","state_code":"S
ress":"wesley6@adventure-works.com","city":"Malabar","state_code":"NSW","country_code":"AU"},{"customer_id":18322,"first_name":"Roger","last_name":"Zheng","email_address":"roger23@adventure-works.com","city":"Rockhampton","state_code":"QLD","country_code":
@adventure-works.com","city":"Newcastle","state_code":"NSW","country_code":"AU"},{"customer_id":18334,"first_name":"Abby","last_name":"Martinez","email_address":"abby15@adventure-works.com","city":"Townsville","state_code":"QLD","country_code":"AU"},{"cust
ture-works.com","city":"Lane Cove","state_code":"NSW","country_code":"AU"},{"customer_id":18346,"first_name":"Randall","last_name":"Diaz","email_address":"randall4@adventure-works.com","city":"Newcastle","state_code":"NSW","country_code":"AU"},{"customer_i
venture-works.com","city":"Frankfurt","state_code":"HE","country_code":"DE"},{"customer_id":18358,"first_name":"Richard","last_name":"Brown","email_address":"richard44@adventure-works.com","city":"Esher-Molesey","state_code":"ENG","country_code":"GB"},{"cu
il_address":"jermaine0@adventure-works.com","city":"W. York","state_code":"ENG","country_code":"GB"},{"customer_id":18370,"first_name":"Arturo","last_name":"He","email_address":"arturo20@adventure-works.com","city":"York","state_code":"ENG","country_code":
enture-works.com","city":"Paris La Defense","state_code":"92","country_code":"FR"},{"customer_id":18382,"first_name":"Melvin","last_name":"Shen","email_address":"melvin2@adventure-works.com","city":"M?hlheim","state_code":"HH","country_code":"DE"},{"custom
te_code":"ENG","country_code":"GB"},{"customer_id":18394,"first_name":"Sheena","last_name":"Rai","email_address":"sheena16@adventure-works.com","city":"Orly","state_code":"94","country_code":"FR"},{"customer_id":18395,"first_name":"Raquel","last_name":"Tor
er_id":18406,"first_name":"Meagan","last_name":"Vance","email_address":"meagan4@adventure-works.com","city":"Versailles","state_code":"78","country_code":"FR"},{"customer_id":18407,"first_name":"Melissa","last_name":"Ward","email_address":"melissa34@advent
Kellie","last_name":"Vazquez","email_address":"kellie13@adventure-works.com","city":"M?nchen","state_code":"HH","country_code":"DE"},{"customer_id":18419,"first_name":"Lindsey","last_name":"Sharma","email_address":"lindsey10@adventure-works.com","city":"Be
s":"marie43@adventure-works.com","city":"Paris","state_code":"75","country_code":"FR"},{"customer_id":18431,"first_name":"Donna","last_name":"Goel","email_address":"donna17@adventure-works.com","city":"Braunschweig","state_code":"NW","country_code":"DE"},{
a3@adventure-works.com","city":"Neunkirchen","state_code":"SL","country_code":"DE"},{"customer_id":18443,"first_name":"Damien","last_name":"Yuan","email_address":"damien24@adventure-works.com","city":"Saarbr?cken","state_code":"SL","country_code":"DE"},{"c
nture-works.com","city":"Melton","state_code":"VIC","country_code":"AU"},{"customer_id":18455,"first_name":"Victoria","last_name":"Bradley","email_address":"victoria31@adventure-works.com","city":"Caloundra","state_code":"QLD","country_code":"AU"},{"custom
e-works.com","city":"Matraville","state_code":"NSW","country_code":"AU"},{"customer_id":18467,"first_name":"Lance","last_name":"Jimenez","email_address":"lance5@adventure-works.com","city":"Solingen","state_code":"NW","country_code":"DE"},{"customer_id":18
"city":"London","state_code":"ENG","country_code":"GB"},{"customer_id":18479,"first_name":"Darren","last_name":"Carlson","email_address":"darren41@adventure-works.com","city":"Stoke-on-Trent","state_code":"ENG","country_code":"GB"},{"customer_id":18480,"fi

(18484 rows affected)


Completion time: 2025-12-15T23:05:33.4951951+00:00
